#
# A fatal error has been detected by the Java Runtime Environment:
#
#  EXCEPTION_ACCESS_VIOLATION (0xc0000005) at pc=0x00007fffcee84e61, pid=33824, tid=14944
#
# JRE version: Java(TM) SE Runtime Environment (17.0.16+12) (build 17.0.16+12-LTS-247)
# Java VM: Java HotSpot(TM) 64-Bit Server VM (17.0.16+12-LTS-247, mixed mode, sharing, tiered, compressed oops, compressed class ptrs, g1 gc, windows-amd64)
# Problematic frame:
# V  [jvm.dll+0x304e61]
#
# No core dump will be written. Minidumps are not enabled by default on client versions of Windows
#
# If you would like to submit a bug report, please visit:
#   https://bugreport.java.com/bugreport/crash.jsp
#

---------------  S U M M A R Y ------------

Command Line: --add-opens=java.base/java.lang=ALL-UNNAMED --add-opens=java.base/java.lang.invoke=ALL-UNNAMED --add-opens=java.base/java.util=ALL-UNNAMED --add-opens=java.prefs/java.util.prefs=ALL-UNNAMED --add-exports=jdk.compiler/com.sun.tools.javac.api=ALL-UNNAMED --add-exports=jdk.compiler/com.sun.tools.javac.util=ALL-UNNAMED --add-opens=java.base/java.util=ALL-UNNAMED --add-opens=java.prefs/java.util.prefs=ALL-UNNAMED --add-opens=java.base/java.nio.charset=ALL-UNNAMED --add-opens=java.base/java.net=ALL-UNNAMED --add-opens=java.base/java.util.concurrent.atomic=ALL-UNNAMED --add-opens=java.xml/javax.xml.namespace=ALL-UNNAMED -XX:MaxMetaspaceSize=384m -XX:+HeapDumpOnOutOfMemoryError -Xms256m -Xmx512m -Dfile.encoding=x-windows-949 -Duser.country=KR -Duser.language=ko -Duser.variant -javaagent:C:\Users\2doky\.gradle\wrapper\dists\gradle-8.14.3-bin\cv11ve7ro1n3o1j4so8xd9n66\gradle-8.14.3\lib\agents\gradle-instrumentation-agent-8.14.3.jar org.gradle.launcher.daemon.bootstrap.GradleDaemon 8.14.3

Host: AMD Ryzen 7 7800X3D 8-Core Processor           , 16 cores, 31G,  Windows 11 , 64 bit Build 26100 (10.0.26100.7920)
Time: Tue Mar 24 21:32:16 2026  Windows 11 , 64 bit Build 26100 (10.0.26100.7920) elapsed time: 37675.294438 seconds (0d 10h 27m 55s)

---------------  T H R E A D  ---------------

Current thread (0x00000141744531b0):  GCTaskThread "GC Thread#3" [stack: 0x0000003e7f800000,0x0000003e7f900000] [id=14944]

Stack: [0x0000003e7f800000,0x0000003e7f900000],  sp=0x0000003e7f8ff460,  free space=1021k
Native frames: (J=compiled Java code, j=interpreted, Vv=VM code, C=native code)
V  [jvm.dll+0x304e61]
V  [jvm.dll+0x3049b7]
V  [jvm.dll+0x2d8510]
V  [jvm.dll+0x2d8bba]
V  [jvm.dll+0x2d8ca7]
V  [jvm.dll+0x2de0cb]
V  [jvm.dll+0x8085bb]
V  [jvm.dll+0x808606]
V  [jvm.dll+0x78b18a]
V  [jvm.dll+0x679355]
C  [ucrtbase.dll+0x37b0]
C  [KERNEL32.DLL+0x2e8d7]
C  [ntdll.dll+0x8c48c]


siginfo: EXCEPTION_ACCESS_VIOLATION (0xc0000005), reading address 0x00000278ef4d1882


Registers:
RAX=0x000001413d8d1880, RBX=0x00000000e46fce95, RCX=0x0000000000000014, RDX=0x0000000000000e46
RSP=0x0000003e7f8ff460, RBP=0x00000000000003e0, RSI=0x00000000e46fce94, RDI=0x0000014177d78240
R8 =0x0000009bd8e00001, R9 =0x00007fffceb80000, R10=0x00000000e69030f8, R11=0x0000000000000001
R12=0x00000141747052a8, R13=0x0000014177d78240, R14=0x0000000000000000, R15=0x0000000000000000
RIP=0x00007fffcee84e61, EFLAGS=0x0000000000010212


Register to memory mapping:

RIP=0x00007fffcee84e61 jvm.dll
RAX=0x000001413d8d1880 points into unknown readable memory: 0x0000000000000000 | 00 00 00 00 00 00 00 00
RBX=0x00000000e46fce95 is pointing into object: com.google.common.collect.ImmutableMapEntry 
{0x00000000e46fce88} - klass: 'com/google/common/collect/ImmutableMapEntry'
 - ---- fields (total size 3 words):
 - final 'key' 'Ljava/lang/Object;' @12  
[error occurred during error reporting (printing register info), id 0xc0000005, EXCEPTION_ACCESS_VIOLATION (0xc0000005) at pc=0x00007fffcef0ee3e]

Top of Stack: (sp=0x0000003e7f8ff460)
0x0000003e7f8ff460:   00000000e56e0000 0000000000000100
0x0000003e7f8ff470:   0000014100000000 0000000000000009
0x0000003e7f8ff480:   0000014174704ed0 0000014174452e00
0x0000003e7f8ff490:   000001413d8a3210 0000003e7f8ff5b0
0x0000003e7f8ff4a0:   0000003e7f8ff540 00007fffcee849b7
0x0000003e7f8ff4b0:   00000bf1000003c6 0000014177d78240
0x0000003e7f8ff4c0:   0000003e7f8ff540 0000003e7f8ff5b0
0x0000003e7f8ff4d0:   0000000000000000 00007fffcee58510
0x0000003e7f8ff4e0:   00000000e44e696d 0000000000000000
0x0000003e7f8ff4f0:   00007fffcf47d908 00007fffcee79407
0x0000003e7f8ff500:   0000003e7e4fec00 00007fffcf1f3c1f
0x0000003e7f8ff510:   0000000000000000 0000000000000000
0x0000003e7f8ff520:   0000000000000000 0000000000000000
0x0000003e7f8ff530:   0000000000000000 00007fffcf319887
0x0000003e7f8ff540:   0000014174704ed0 0000014174452e00
0x0000003e7f8ff550:   00000000000003d8 00000141747052a8 

Instructions: (pc=0x00007fffcee84e61)
0x00007fffcee84d61:   00 00 0f 85 61 02 00 00 8b 86 00 01 00 00 f6 c3
0x00007fffcee84d71:   01 0f 84 2f 01 00 00 8b 0d 3a d5 79 00 48 8d 73
0x00007fffcee84d81:   ff 48 8b 47 08 44 8b 16 49 d3 e2 4c 03 15 1d d5
0x00007fffcee84d91:   79 00 8b 88 90 05 00 00 49 8b d2 48 8b 80 80 05
0x00007fffcee84da1:   00 00 48 d3 ea 0f b7 14 50 0f b7 c2 66 c1 e8 08
0x00007fffcee84db1:   84 c0 0f 88 17 ff ff ff 4d 8b 02 41 0f b6 c0 24
0x00007fffcee84dc1:   03 3c 03 75 1e 44 38 3d 14 52 80 00 74 0f 41 0f
0x00007fffcee84dd1:   b6 c0 24 07 3c 05 75 05 4d 8b c7 eb 17 49 83 e0
0x00007fffcee84de1:   fc eb 11 4d 8b c8 48 8b cf 4d 8b c2 e8 be f0 ff
0x00007fffcee84df1:   ff 4c 8b c0 8b 0d bd d4 79 00 49 8b d0 48 2b 15
0x00007fffcee84e01:   ab d4 79 00 48 d3 ea 89 16 48 8b d6 8b 0d 5d 5a
0x00007fffcee84e11:   80 00 49 33 d0 48 d3 ea 48 85 d2 0f 84 ae fe ff
0x00007fffcee84e21:   ff 48 8b 47 08 48 8b d6 8b 88 c0 01 00 00 48 8b
0x00007fffcee84e31:   80 b0 01 00 00 48 d3 ea 48 8b 0c d0 8b 81 94 00
0x00007fffcee84e41:   00 00 d1 e8 a8 01 0f 85 83 fe ff ff 48 8b 47 08
0x00007fffcee84e51:   8b 88 90 05 00 00 48 8b 80 80 05 00 00 49 d3 e8
0x00007fffcee84e61:   46 38 3c 40 0f 84 65 fe ff ff 48 8b 47 60 48 c1
0x00007fffcee84e71:   ee 09 48 8b 58 40 48 8b 48 38 48 03 de 48 2b d9
0x00007fffcee84e81:   48 39 9f b0 01 00 00 0f 84 42 fe ff ff 48 8d 14
0x00007fffcee84e91:   19 48 8d 4f 18 e8 45 40 00 00 48 89 9f b0 01 00
0x00007fffcee84ea1:   00 e9 29 fe ff ff f6 c3 03 0f 85 09 01 00 00 48
0x00007fffcee84eb1:   8b 47 08 4c 8b 13 49 8b d2 8b 88 90 05 00 00 48
0x00007fffcee84ec1:   8b 80 80 05 00 00 48 d3 ea 0f b7 14 50 0f b7 c2
0x00007fffcee84ed1:   66 c1 e8 08 84 c0 0f 88 f3 fd ff ff 4d 8b 02 41
0x00007fffcee84ee1:   0f b6 c0 24 03 3c 03 75 1e 44 38 3d f0 50 80 00
0x00007fffcee84ef1:   74 0f 41 0f b6 c0 24 07 3c 05 75 05 4d 8b c7 eb
0x00007fffcee84f01:   17 49 83 e0 fc eb 11 4d 8b c8 48 8b cf 4d 8b c2
0x00007fffcee84f11:   e8 9a ef ff ff 4c 8b c0 49 8b d0 4c 89 03 8b 0d
0x00007fffcee84f21:   4b 59 80 00 48 33 d3 48 d3 ea 48 85 d2 0f 84 9c
0x00007fffcee84f31:   fd ff ff 48 8b 47 08 48 8b d3 8b 88 c0 01 00 00
0x00007fffcee84f41:   48 8b 80 b0 01 00 00 48 d3 ea 48 8b 0c d0 8b 81
0x00007fffcee84f51:   94 00 00 00 d1 e8 a8 01 0f 85 71 fd ff ff 48 8b 


Stack slot to memory mapping:
stack at sp + 0 slots: 0x00000000e56e0000 is pointing into object: com.google.common.collect.ImmutableMapEntry$NonTerminalImmutableMapEntry 
{0x00000000e56dfff8} - klass: 'com/google/common/collect/ImmutableMapEntry$NonTerminalImmutableMapEntry'
 - ---- fields (total size 3 words):
 - final 'key' 'Ljava/lang/Object;' @12  "org.hibernate.grammars.hql.HqlParser$OffsetContext"{0x00000000e691e6d0} (e691e6d0)
 - final 'value' 'Ljava/lang/Object;' @16  a 'org/gradle/api/internal/tasks/compile/incremental/compilerapi/deps/DependentsSet$DefaultDependentsSet'{0x00000000e56e0010} (e56e0010)
 - private final transient 'nextInKeyBucket' 'Lcom/google/common/collect/ImmutableMapEntry;' @20  a 'com/google/common/collect/ImmutableMapEntry'{0x00000000e56e00c0} (e56e00c0)
stack at sp + 1 slots: 0x0000000000000100 is an unknown value
stack at sp + 2 slots: 0x0000014100000000 is an unknown value
stack at sp + 3 slots: 0x0000000000000009 is an unknown value
stack at sp + 4 slots: 0x0000014174704ed0 points into unknown readable memory: 0x0000014177b878f4 | f4 78 b8 77 41 01 00 00
stack at sp + 5 slots: 0x0000014174452e00 points into unknown readable memory: 0x000001410000000d | 0d 00 00 00 41 01 00 00
stack at sp + 6 slots: 0x000001413d8a3210 points into unknown readable memory: 0x00007fffcf479848 | 48 98 47 cf ff 7f 00 00
stack at sp + 7 slots: 0x0000003e7f8ff5b0 points into unknown readable memory: 0x00007fffcf479810 | 10 98 47 cf ff 7f 00 00


---------------  P R O C E S S  ---------------

Threads class SMR info:
_java_thread_list=0x00000141770ad9b0, length=249, elements={
0x000001413d8a3e60, 0x000001415ac150d0, 0x000001415ac15990, 0x000001415ac33090,
0x000001415ac33950, 0x000001415ac34210, 0x000001415ac34ad0, 0x000001415ac3bbe0,
0x000001415ac3c4e0, 0x000001415ac475c0, 0x0000014174104550, 0x00000141741f4850,
0x0000014175f5b070, 0x00000141764d0b10, 0x0000014174eacb90, 0x0000014176794d90,
0x0000014176796400, 0x00000141743f7880, 0x00000141743f7d50, 0x000001417680f890,
0x00000141743f3250, 0x00000141743f4590, 0x00000141743f3720, 0x00000141743f10a0,
0x00000141743f1a40, 0x00000141743f28b0, 0x00000141743f23e0, 0x00000141743f1570,
0x00000141743f1f10, 0x00000141743f40c0, 0x00000141743f4a60, 0x000001417b14a0e0,
0x000001417b149c10, 0x000001417b14daa0, 0x000001417b14c290, 0x000001417b14bdc0,
0x000001417b14d100, 0x000001417b14df70, 0x000001417b14a5b0, 0x000001417b14e440,
0x000001417b14aa80, 0x000001417b14e910, 0x000001417b14ede0, 0x000001417b14b420,
0x000001417b14f2b0, 0x000001417b14c760, 0x000001417b14b8f0, 0x000001417b150120,
0x000001417b14f780, 0x000001417b14fc50, 0x000001417b151460, 0x000001417b150f90,
0x000001417b1505f0, 0x000001417b150ac0, 0x0000014177d8c6e0, 0x0000014177d8b870,
0x0000014177d8d080, 0x0000014177d8a530, 0x0000014177d8d550, 0x0000014177d8da20,
0x0000014177d8aed0, 0x0000014177d8bd40, 0x0000014177d8c210, 0x0000014177d8b3a0,
0x0000014177d8a060, 0x0000014177d8aa00, 0x0000014177d8cbb0, 0x0000014178b82240,
0x0000014178b82710, 0x0000014178b83580, 0x0000014178b80a30, 0x0000014178b83a50,
0x0000014178b813d0, 0x0000014178b82be0, 0x0000014178b830b0, 0x0000014178b83f20,
0x0000014178b818a0, 0x0000014178b843f0, 0x0000014178b848c0, 0x0000014178b80f00,
0x0000014178b81d70, 0x0000014178b85260, 0x0000014178b85c00, 0x000001417b456b60,
0x000001417b455820, 0x000001417b453b40, 0x000001417b4531a0, 0x000001417b4549b0,
0x000001417b455350, 0x000001417b455cf0, 0x000001417b454010, 0x000001417b454e80,
0x000001417b457500, 0x000001417b458370, 0x000001417b457030, 0x000001417b4596b0,
0x000001417b458840, 0x000001417b457ea0, 0x000001417b4591e0, 0x000001417b458d10,
0x000001417b459b80, 0x000001417b4579d0, 0x000001417b4561c0, 0x000001417b45a050,
0x000001417739e9e0, 0x000001417739eeb0, 0x000001417739b4f0, 0x000001417739e510,
0x000001417739e040, 0x000001417739be90, 0x000001417739b9c0, 0x000001417739c360,
0x000001417739d6a0, 0x000001417739db70, 0x000001417739cd00, 0x000001417739d1d0,
0x0000014177b806b0, 0x0000014177b81050, 0x0000014177b7e030, 0x0000014177b7e500,
0x0000014177b7e9d0, 0x0000014177b7f840, 0x0000014177b7f370, 0x0000014177b80b80,
0x0000014177b7fd10, 0x0000014177b7eea0, 0x0000014177b801e0, 0x0000014177b81520,
0x0000014177b7d690, 0x0000014177b7db60, 0x0000014177b84a10, 0x0000014177b836d0,
0x0000014177b819f0, 0x0000014177b81ec0, 0x0000014177b83ba0, 0x0000014177b84540,
0x0000014177b84070, 0x0000014177b82d30, 0x0000014177b82390, 0x0000014177b82860,
0x0000014177b83200, 0x000001417948a8c0, 0x000001417948ad90, 0x000001417948a3f0,
0x0000014179488be0, 0x000001417948b260, 0x00000141794890b0, 0x0000014179489f20,
0x000001417948bc00, 0x000001417948c0d0, 0x0000014179489580, 0x0000014179488710,
0x0000014179489a50, 0x0000014176f5f4a0, 0x0000014176f5f970, 0x0000014176f5eb00,
0x0000014176f5d2f0, 0x0000014176f5ce20, 0x0000014176f5dc90, 0x0000014176f5fe40,
0x0000014176f5efd0, 0x0000014176f5c480, 0x0000014176f60310, 0x0000014176f61180,
0x0000014176f607e0, 0x0000014176f5d7c0, 0x0000014176f60cb0, 0x0000014176f61650,
0x0000014176f61b20, 0x0000014176f61ff0, 0x0000014176f5e630, 0x0000014176f624c0,
0x0000014176f62990, 0x0000014176f63800, 0x0000014176f62e60, 0x0000014176f63330,
0x0000014176f63cd0, 0x000001417930df60, 0x000001417930c280, 0x000001417930da90,
0x000001417930a5a0, 0x000001417930bdb0, 0x000001417930c750, 0x000001417930d0f0,
0x000001417930e430, 0x000001417930d5c0, 0x000001417930cc20, 0x000001417930aa70,
0x000001417930e900, 0x000001417930af40, 0x000001417930edd0, 0x000001417930b410,
0x000001417930f2a0, 0x000001417930b8e0, 0x0000014179310110, 0x000001417930f770,
0x0000014179311450, 0x00000141793105e0, 0x000001417930fc40, 0x0000014179310ab0,
0x0000014179310f80, 0x0000014179311920, 0x0000014179311df0, 0x00000141743f3bf0,
0x000001417bd6f0f0, 0x000001417bd6d410, 0x000001417bd6d8e0, 0x000001417bd6ec20,
0x000001417bd6ddb0, 0x000001417bd6ff60, 0x000001417bd6e280, 0x000001417bd6e750,
0x000001417bd6f5c0, 0x000001417bd6fa90, 0x000001417bd6c5a0, 0x000001417bd6ca70,
0x000001417bd6cf40, 0x000001417716d7f0, 0x000001417716bb10, 0x000001417716eb30,
0x000001417716f000, 0x000001417716bfe0, 0x000001417716dcc0, 0x000001417716c4b0,
0x000001417716e190, 0x000001417716e660, 0x000001417716d320, 0x000001417716c980,
0x000001417716b640, 0x000001417716f4d0, 0x000001417716f9a0, 0x0000014177170340,
0x000001417716ce50, 0x00000141771741d0, 0x0000014177172020, 0x00000141771724f0,
0x0000014177173360, 0x0000014177173830, 0x00000141771729c0, 0x00000141771711b0,
0x0000014177173d00, 0x0000014177170810, 0x00000141772875b0, 0x0000014179935060,
0x00000141799318b0, 0x0000014179934640, 0x0000014179932cf0, 0x00000141799327e0,
0x0000014179933200
}

Java Threads: ( => current thread )
  0x000001413d8a3e60 JavaThread "main" [_thread_blocked, id=19092, stack(0x0000003e7de00000,0x0000003e7df00000)]
  0x000001415ac150d0 JavaThread "Reference Handler" daemon [_thread_blocked, id=23084, stack(0x0000003e7e500000,0x0000003e7e600000)]
  0x000001415ac15990 JavaThread "Finalizer" daemon [_thread_blocked, id=8608, stack(0x0000003e7e600000,0x0000003e7e700000)]
  0x000001415ac33090 JavaThread "Signal Dispatcher" daemon [_thread_blocked, id=7228, stack(0x0000003e7e700000,0x0000003e7e800000)]
  0x000001415ac33950 JavaThread "Attach Listener" daemon [_thread_blocked, id=9612, stack(0x0000003e7e800000,0x0000003e7e900000)]
  0x000001415ac34210 JavaThread "Service Thread" daemon [_thread_blocked, id=30140, stack(0x0000003e7e900000,0x0000003e7ea00000)]
  0x000001415ac34ad0 JavaThread "Monitor Deflation Thread" daemon [_thread_blocked, id=11012, stack(0x0000003e7ea00000,0x0000003e7eb00000)]
  0x000001415ac3bbe0 JavaThread "C2 CompilerThread0" daemon [_thread_blocked, id=24588, stack(0x0000003e7eb00000,0x0000003e7ec00000)]
  0x000001415ac3c4e0 JavaThread "C1 CompilerThread0" daemon [_thread_blocked, id=6992, stack(0x0000003e7ec00000,0x0000003e7ed00000)]
  0x000001415ac475c0 JavaThread "Sweeper thread" daemon [_thread_blocked, id=13672, stack(0x0000003e7ed00000,0x0000003e7ee00000)]
  0x0000014174104550 JavaThread "Common-Cleaner" daemon [_thread_blocked, id=25572, stack(0x0000003e7ee00000,0x0000003e7ef00000)]
  0x00000141741f4850 JavaThread "Notification Thread" daemon [_thread_blocked, id=14104, stack(0x0000003e7f200000,0x0000003e7f300000)]
  0x0000014175f5b070 JavaThread "Daemon health stats" [_thread_blocked, id=10356, stack(0x0000003e7f400000,0x0000003e7f500000)]
  0x00000141764d0b10 JavaThread "Incoming local TCP Connector on port 51413" [_thread_in_native, id=8684, stack(0x0000003e7fd00000,0x0000003e7fe00000)]
  0x0000014174eacb90 JavaThread "Daemon periodic checks" [_thread_blocked, id=34836, stack(0x0000003e7fe00000,0x0000003e7ff00000)]
  0x0000014176794d90 JavaThread "Daemon" [_thread_blocked, id=2312, stack(0x0000003e7ff00000,0x0000003e80000000)]
  0x0000014176796400 JavaThread "Handler for socket connection from /127.0.0.1:51413 to /127.0.0.1:51414" [_thread_in_native, id=26552, stack(0x0000003e00000000,0x0000003e00100000)]
  0x00000141743f7880 JavaThread "Cancel handler" [_thread_blocked, id=10472, stack(0x0000003e00100000,0x0000003e00200000)]
  0x00000141743f7d50 JavaThread "Daemon worker" [_thread_blocked, id=2756, stack(0x0000003e00200000,0x0000003e00300000)]
  0x000001417680f890 JavaThread "Asynchronous log dispatcher for DefaultDaemonConnection: socket connection from /127.0.0.1:51413 to /127.0.0.1:51414" [_thread_blocked, id=12736, stack(0x0000003e00300000,0x0000003e00400000)]
  0x00000141743f3250 JavaThread "Stdin handler" [_thread_blocked, id=24788, stack(0x0000003e00400000,0x0000003e00500000)]
  0x00000141743f4590 JavaThread "Daemon client event forwarder" [_thread_blocked, id=32576, stack(0x0000003e00500000,0x0000003e00600000)]
  0x00000141743f3720 JavaThread "Cache worker for journal cache (C:\Users\2doky\.gradle\caches\journal-1)" [_thread_blocked, id=26544, stack(0x0000003e00600000,0x0000003e00700000)]
  0x00000141743f10a0 JavaThread "File lock request listener" [_thread_in_native, id=30244, stack(0x0000003e00700000,0x0000003e00800000)]
  0x00000141743f1a40 JavaThread "Cache worker for file hash cache (C:\Users\2doky\.gradle\caches\8.14.3\fileHashes)" [_thread_blocked, id=9488, stack(0x0000003e00800000,0x0000003e00900000)]
  0x00000141743f28b0 JavaThread "Cache worker for file hash cache (C:\Users\2doky\Desktop\code\unu-backend-main\unu-backend-main\.gradle\8.14.3\fileHashes)" [_thread_blocked, id=32900, stack(0x0000003e00c00000,0x0000003e00d00000)]
  0x00000141743f23e0 JavaThread "Cache worker for Build Output Cleanup Cache (C:\Users\2doky\Desktop\code\unu-backend-main\unu-backend-main\.gradle\buildOutputCleanup)" [_thread_blocked, id=29916, stack(0x0000003e00d00000,0x0000003e00e00000)]
  0x00000141743f1570 JavaThread "File watcher server" daemon [_thread_blocked, id=23916, stack(0x0000003e01500000,0x0000003e01600000)]
  0x00000141743f1f10 JavaThread "File watcher consumer" daemon [_thread_blocked, id=9484, stack(0x0000003e01600000,0x0000003e01700000)]
  0x00000141743f40c0 JavaThread "jar transforms" [_thread_blocked, id=15836, stack(0x0000003e01700000,0x0000003e01800000)]
  0x00000141743f4a60 JavaThread "jar transforms Thread 2" [_thread_blocked, id=11000, stack(0x0000003e01800000,0x0000003e01900000)]
  0x000001417b14a0e0 JavaThread "Cache worker for checksums cache (C:\Users\2doky\Desktop\code\unu-backend-main\unu-backend-main\.gradle\8.14.3\checksums)" [_thread_blocked, id=22628, stack(0x0000003e01900000,0x0000003e01a00000)]
  0x000001417b149c10 JavaThread "Cache worker for file content cache (C:\Users\2doky\.gradle\caches\8.14.3\fileContent)" [_thread_blocked, id=17020, stack(0x0000003e01a00000,0x0000003e01b00000)]
  0x000001417b14daa0 JavaThread "Cache worker for cache directory md-supplier (C:\Users\2doky\.gradle\caches\8.14.3\md-supplier)" [_thread_blocked, id=17816, stack(0x0000003e01b00000,0x0000003e01c00000)]
  0x000001417b14c290 JavaThread "Cache worker for cache directory md-rule (C:\Users\2doky\.gradle\caches\8.14.3\md-rule)" [_thread_blocked, id=11484, stack(0x0000003e01c00000,0x0000003e01d00000)]
  0x000001417b14bdc0 JavaThread "jar transforms Thread 3" [_thread_blocked, id=16676, stack(0x0000003e01d00000,0x0000003e01e00000)]
  0x000001417b14d100 JavaThread "Unconstrained build operations" [_thread_blocked, id=29948, stack(0x0000003e00b00000,0x0000003e00c00000)]
  0x000001417b14df70 JavaThread "Unconstrained build operations Thread 2" [_thread_blocked, id=28972, stack(0x0000003e01f00000,0x0000003e02000000)]
  0x000001417b14a5b0 JavaThread "Unconstrained build operations Thread 3" [_thread_blocked, id=16432, stack(0x0000003e02000000,0x0000003e02100000)]
  0x000001417b14e440 JavaThread "Unconstrained build operations Thread 4" [_thread_blocked, id=33052, stack(0x0000003e02100000,0x0000003e02200000)]
  0x000001417b14aa80 JavaThread "Unconstrained build operations Thread 5" [_thread_blocked, id=23352, stack(0x0000003e02200000,0x0000003e02300000)]
  0x000001417b14e910 JavaThread "Unconstrained build operations Thread 6" [_thread_blocked, id=32020, stack(0x0000003e02300000,0x0000003e02400000)]
  0x000001417b14ede0 JavaThread "Unconstrained build operations Thread 7" [_thread_blocked, id=31692, stack(0x0000003e02400000,0x0000003e02500000)]
  0x000001417b14b420 JavaThread "Unconstrained build operations Thread 8" [_thread_blocked, id=5776, stack(0x0000003e02500000,0x0000003e02600000)]
  0x000001417b14f2b0 JavaThread "Unconstrained build operations Thread 9" [_thread_blocked, id=24568, stack(0x0000003e02600000,0x0000003e02700000)]
  0x000001417b14c760 JavaThread "Unconstrained build operations Thread 10" [_thread_blocked, id=4028, stack(0x0000003e02700000,0x0000003e02800000)]
  0x000001417b14b8f0 JavaThread "Unconstrained build operations Thread 11" [_thread_blocked, id=35236, stack(0x0000003e02800000,0x0000003e02900000)]
  0x000001417b150120 JavaThread "Unconstrained build operations Thread 12" [_thread_blocked, id=17128, stack(0x0000003e02900000,0x0000003e02a00000)]
  0x000001417b14f780 JavaThread "Unconstrained build operations Thread 13" [_thread_blocked, id=32272, stack(0x0000003e02a00000,0x0000003e02b00000)]
  0x000001417b14fc50 JavaThread "Unconstrained build operations Thread 14" [_thread_blocked, id=34184, stack(0x0000003e02b00000,0x0000003e02c00000)]
  0x000001417b151460 JavaThread "Unconstrained build operations Thread 15" [_thread_blocked, id=9472, stack(0x0000003e02c00000,0x0000003e02d00000)]
  0x000001417b150f90 JavaThread "Unconstrained build operations Thread 16" [_thread_blocked, id=8428, stack(0x0000003e02d00000,0x0000003e02e00000)]
  0x000001417b1505f0 JavaThread "Unconstrained build operations Thread 17" [_thread_blocked, id=26912, stack(0x0000003e02e00000,0x0000003e02f00000)]
  0x000001417b150ac0 JavaThread "Unconstrained build operations Thread 18" [_thread_blocked, id=22664, stack(0x0000003e02f00000,0x0000003e03000000)]
  0x0000014177d8c6e0 JavaThread "Unconstrained build operations Thread 19" [_thread_blocked, id=6964, stack(0x0000003e03000000,0x0000003e03100000)]
  0x0000014177d8b870 JavaThread "Unconstrained build operations Thread 20" [_thread_blocked, id=33964, stack(0x0000003e03100000,0x0000003e03200000)]
  0x0000014177d8d080 JavaThread "Unconstrained build operations Thread 21" [_thread_blocked, id=23880, stack(0x0000003e03200000,0x0000003e03300000)]
  0x0000014177d8a530 JavaThread "Unconstrained build operations Thread 22" [_thread_blocked, id=31848, stack(0x0000003e03300000,0x0000003e03400000)]
  0x0000014177d8d550 JavaThread "Unconstrained build operations Thread 23" [_thread_blocked, id=31704, stack(0x0000003e03400000,0x0000003e03500000)]
  0x0000014177d8da20 JavaThread "Unconstrained build operations Thread 24" [_thread_blocked, id=17656, stack(0x0000003e03500000,0x0000003e03600000)]
  0x0000014177d8aed0 JavaThread "Unconstrained build operations Thread 25" [_thread_blocked, id=30700, stack(0x0000003e03600000,0x0000003e03700000)]
  0x0000014177d8bd40 JavaThread "Unconstrained build operations Thread 26" [_thread_blocked, id=9312, stack(0x0000003e03700000,0x0000003e03800000)]
  0x0000014177d8c210 JavaThread "Unconstrained build operations Thread 27" [_thread_blocked, id=9624, stack(0x0000003e03800000,0x0000003e03900000)]
  0x0000014177d8b3a0 JavaThread "Unconstrained build operations Thread 28" [_thread_blocked, id=6272, stack(0x0000003e03900000,0x0000003e03a00000)]
  0x0000014177d8a060 JavaThread "Unconstrained build operations Thread 29" [_thread_blocked, id=2636, stack(0x0000003e03a00000,0x0000003e03b00000)]
  0x0000014177d8aa00 JavaThread "Unconstrained build operations Thread 30" [_thread_blocked, id=33568, stack(0x0000003e03b00000,0x0000003e03c00000)]
  0x0000014177d8cbb0 JavaThread "Unconstrained build operations Thread 31" [_thread_blocked, id=34220, stack(0x0000003e03c00000,0x0000003e03d00000)]
  0x0000014178b82240 JavaThread "Unconstrained build operations Thread 32" [_thread_blocked, id=11096, stack(0x0000003e03d00000,0x0000003e03e00000)]
  0x0000014178b82710 JavaThread "Unconstrained build operations Thread 33" [_thread_blocked, id=29208, stack(0x0000003e03e00000,0x0000003e03f00000)]
  0x0000014178b83580 JavaThread "Unconstrained build operations Thread 34" [_thread_blocked, id=14764, stack(0x0000003e03f00000,0x0000003e04000000)]
  0x0000014178b80a30 JavaThread "Unconstrained build operations Thread 35" [_thread_blocked, id=31748, stack(0x0000003e04000000,0x0000003e04100000)]
  0x0000014178b83a50 JavaThread "Unconstrained build operations Thread 36" [_thread_blocked, id=28476, stack(0x0000003e04100000,0x0000003e04200000)]
  0x0000014178b813d0 JavaThread "Unconstrained build operations Thread 37" [_thread_blocked, id=10956, stack(0x0000003e04200000,0x0000003e04300000)]
  0x0000014178b82be0 JavaThread "Unconstrained build operations Thread 38" [_thread_blocked, id=2256, stack(0x0000003e04300000,0x0000003e04400000)]
  0x0000014178b830b0 JavaThread "Unconstrained build operations Thread 39" [_thread_blocked, id=32684, stack(0x0000003e04400000,0x0000003e04500000)]
  0x0000014178b83f20 JavaThread "Unconstrained build operations Thread 40" [_thread_blocked, id=7440, stack(0x0000003e04500000,0x0000003e04600000)]
  0x0000014178b818a0 JavaThread "Unconstrained build operations Thread 41" [_thread_blocked, id=3268, stack(0x0000003e04600000,0x0000003e04700000)]
  0x0000014178b843f0 JavaThread "Unconstrained build operations Thread 42" [_thread_blocked, id=12384, stack(0x0000003e04700000,0x0000003e04800000)]
  0x0000014178b848c0 JavaThread "Unconstrained build operations Thread 43" [_thread_blocked, id=4164, stack(0x0000003e04800000,0x0000003e04900000)]
  0x0000014178b80f00 JavaThread "Unconstrained build operations Thread 44" [_thread_blocked, id=29964, stack(0x0000003e04900000,0x0000003e04a00000)]
  0x0000014178b81d70 JavaThread "Unconstrained build operations Thread 45" [_thread_blocked, id=10496, stack(0x0000003e04a00000,0x0000003e04b00000)]
  0x0000014178b85260 JavaThread "Memory manager" [_thread_blocked, id=25928, stack(0x0000003e04b00000,0x0000003e04c00000)]
  0x0000014178b85c00 JavaThread "jar transforms Thread 4" [_thread_blocked, id=15728, stack(0x0000003e04d00000,0x0000003e04e00000)]
  0x000001417b456b60 JavaThread "Unconstrained build operations Thread 46" [_thread_blocked, id=35048, stack(0x0000003e05d00000,0x0000003e05e00000)]
  0x000001417b455820 JavaThread "Unconstrained build operations Thread 47" [_thread_blocked, id=32912, stack(0x0000003e05e00000,0x0000003e05f00000)]
  0x000001417b453b40 JavaThread "Unconstrained build operations Thread 48" [_thread_blocked, id=4080, stack(0x0000003e05f00000,0x0000003e06000000)]
  0x000001417b4531a0 JavaThread "Unconstrained build operations Thread 49" [_thread_blocked, id=31688, stack(0x0000003e06000000,0x0000003e06100000)]
  0x000001417b4549b0 JavaThread "Unconstrained build operations Thread 50" [_thread_blocked, id=32048, stack(0x0000003e06100000,0x0000003e06200000)]
  0x000001417b455350 JavaThread "Unconstrained build operations Thread 51" [_thread_blocked, id=29888, stack(0x0000003e06200000,0x0000003e06300000)]
  0x000001417b455cf0 JavaThread "Unconstrained build operations Thread 52" [_thread_blocked, id=31680, stack(0x0000003e06300000,0x0000003e06400000)]
  0x000001417b454010 JavaThread "Unconstrained build operations Thread 53" [_thread_blocked, id=2404, stack(0x0000003e06400000,0x0000003e06500000)]
  0x000001417b454e80 JavaThread "Unconstrained build operations Thread 54" [_thread_blocked, id=24328, stack(0x0000003e06500000,0x0000003e06600000)]
  0x000001417b457500 JavaThread "Unconstrained build operations Thread 55" [_thread_blocked, id=29504, stack(0x0000003e06600000,0x0000003e06700000)]
  0x000001417b458370 JavaThread "Unconstrained build operations Thread 56" [_thread_blocked, id=32260, stack(0x0000003e06700000,0x0000003e06800000)]
  0x000001417b457030 JavaThread "Unconstrained build operations Thread 57" [_thread_blocked, id=29520, stack(0x0000003e06800000,0x0000003e06900000)]
  0x000001417b4596b0 JavaThread "Unconstrained build operations Thread 58" [_thread_blocked, id=7868, stack(0x0000003e06900000,0x0000003e06a00000)]
  0x000001417b458840 JavaThread "Unconstrained build operations Thread 59" [_thread_blocked, id=35208, stack(0x0000003e06a00000,0x0000003e06b00000)]
  0x000001417b457ea0 JavaThread "Unconstrained build operations Thread 60" [_thread_blocked, id=35672, stack(0x0000003e06b00000,0x0000003e06c00000)]
  0x000001417b4591e0 JavaThread "Unconstrained build operations Thread 61" [_thread_blocked, id=28720, stack(0x0000003e06c00000,0x0000003e06d00000)]
  0x000001417b458d10 JavaThread "Unconstrained build operations Thread 62" [_thread_blocked, id=4748, stack(0x0000003e06d00000,0x0000003e06e00000)]
  0x000001417b459b80 JavaThread "Unconstrained build operations Thread 63" [_thread_blocked, id=18996, stack(0x0000003e06e00000,0x0000003e06f00000)]
  0x000001417b4579d0 JavaThread "Unconstrained build operations Thread 64" [_thread_blocked, id=9516, stack(0x0000003e06f00000,0x0000003e07000000)]
  0x000001417b4561c0 JavaThread "Unconstrained build operations Thread 65" [_thread_blocked, id=23492, stack(0x0000003e07000000,0x0000003e07100000)]
  0x000001417b45a050 JavaThread "Unconstrained build operations Thread 66" [_thread_blocked, id=18728, stack(0x0000003e07100000,0x0000003e07200000)]
  0x000001417739e9e0 JavaThread "Unconstrained build operations Thread 67" [_thread_blocked, id=5552, stack(0x0000003e07200000,0x0000003e07300000)]
  0x000001417739eeb0 JavaThread "Unconstrained build operations Thread 68" [_thread_blocked, id=17196, stack(0x0000003e07300000,0x0000003e07400000)]
  0x000001417739b4f0 JavaThread "Unconstrained build operations Thread 69" [_thread_blocked, id=9444, stack(0x0000003e07400000,0x0000003e07500000)]
  0x000001417739e510 JavaThread "Unconstrained build operations Thread 70" [_thread_blocked, id=1816, stack(0x0000003e07500000,0x0000003e07600000)]
  0x000001417739e040 JavaThread "Unconstrained build operations Thread 71" [_thread_blocked, id=6444, stack(0x0000003e07600000,0x0000003e07700000)]
  0x000001417739be90 JavaThread "Unconstrained build operations Thread 72" [_thread_blocked, id=27224, stack(0x0000003e07700000,0x0000003e07800000)]
  0x000001417739b9c0 JavaThread "Unconstrained build operations Thread 73" [_thread_blocked, id=18212, stack(0x0000003e07800000,0x0000003e07900000)]
  0x000001417739c360 JavaThread "Unconstrained build operations Thread 74" [_thread_blocked, id=2016, stack(0x0000003e07900000,0x0000003e07a00000)]
  0x000001417739d6a0 JavaThread "Unconstrained build operations Thread 75" [_thread_blocked, id=35244, stack(0x0000003e07a00000,0x0000003e07b00000)]
  0x000001417739db70 JavaThread "Unconstrained build operations Thread 76" [_thread_blocked, id=35272, stack(0x0000003e07b00000,0x0000003e07c00000)]
  0x000001417739cd00 JavaThread "Unconstrained build operations Thread 77" [_thread_blocked, id=11792, stack(0x0000003e07c00000,0x0000003e07d00000)]
  0x000001417739d1d0 JavaThread "Unconstrained build operations Thread 78" [_thread_blocked, id=1952, stack(0x0000003e07d00000,0x0000003e07e00000)]
  0x0000014177b806b0 JavaThread "Unconstrained build operations Thread 79" [_thread_blocked, id=35348, stack(0x0000003e07e00000,0x0000003e07f00000)]
  0x0000014177b81050 JavaThread "Unconstrained build operations Thread 80" [_thread_blocked, id=20348, stack(0x0000003e07f00000,0x0000003e08000000)]
  0x0000014177b7e030 JavaThread "Unconstrained build operations Thread 81" [_thread_blocked, id=14816, stack(0x0000003e08000000,0x0000003e08100000)]
  0x0000014177b7e500 JavaThread "Unconstrained build operations Thread 82" [_thread_blocked, id=33536, stack(0x0000003e08100000,0x0000003e08200000)]
  0x0000014177b7e9d0 JavaThread "Unconstrained build operations Thread 83" [_thread_blocked, id=1992, stack(0x0000003e08200000,0x0000003e08300000)]
  0x0000014177b7f840 JavaThread "Unconstrained build operations Thread 84" [_thread_blocked, id=33440, stack(0x0000003e08300000,0x0000003e08400000)]
  0x0000014177b7f370 JavaThread "Unconstrained build operations Thread 85" [_thread_blocked, id=23384, stack(0x0000003e08400000,0x0000003e08500000)]
  0x0000014177b80b80 JavaThread "Unconstrained build operations Thread 86" [_thread_blocked, id=29184, stack(0x0000003e08500000,0x0000003e08600000)]
  0x0000014177b7fd10 JavaThread "Unconstrained build operations Thread 87" [_thread_blocked, id=11460, stack(0x0000003e08600000,0x0000003e08700000)]
  0x0000014177b7eea0 JavaThread "Unconstrained build operations Thread 88" [_thread_blocked, id=27200, stack(0x0000003e08700000,0x0000003e08800000)]
  0x0000014177b801e0 JavaThread "Unconstrained build operations Thread 89" [_thread_blocked, id=29120, stack(0x0000003e08800000,0x0000003e08900000)]
  0x0000014177b81520 JavaThread "Unconstrained build operations Thread 90" [_thread_blocked, id=32780, stack(0x0000003e08900000,0x0000003e08a00000)]
  0x0000014177b7d690 JavaThread "Unconstrained build operations Thread 91" [_thread_blocked, id=9760, stack(0x0000003e08a00000,0x0000003e08b00000)]
  0x0000014177b7db60 JavaThread "Unconstrained build operations Thread 92" [_thread_blocked, id=23452, stack(0x0000003e08b00000,0x0000003e08c00000)]
  0x0000014177b84a10 JavaThread "Unconstrained build operations Thread 93" [_thread_blocked, id=2484, stack(0x0000003e08c00000,0x0000003e08d00000)]
  0x0000014177b836d0 JavaThread "Unconstrained build operations Thread 94" [_thread_blocked, id=8144, stack(0x0000003e08d00000,0x0000003e08e00000)]
  0x0000014177b819f0 JavaThread "Unconstrained build operations Thread 95" [_thread_blocked, id=5448, stack(0x0000003e08e00000,0x0000003e08f00000)]
  0x0000014177b81ec0 JavaThread "Unconstrained build operations Thread 96" [_thread_blocked, id=10476, stack(0x0000003e08f00000,0x0000003e09000000)]
  0x0000014177b83ba0 JavaThread "Unconstrained build operations Thread 97" [_thread_blocked, id=33020, stack(0x0000003e09000000,0x0000003e09100000)]
  0x0000014177b84540 JavaThread "Unconstrained build operations Thread 98" [_thread_blocked, id=7076, stack(0x0000003e09100000,0x0000003e09200000)]
  0x0000014177b84070 JavaThread "Unconstrained build operations Thread 99" [_thread_blocked, id=30216, stack(0x0000003e09200000,0x0000003e09300000)]
  0x0000014177b82d30 JavaThread "Unconstrained build operations Thread 100" [_thread_blocked, id=16636, stack(0x0000003e09300000,0x0000003e09400000)]
  0x0000014177b82390 JavaThread "Unconstrained build operations Thread 101" [_thread_blocked, id=7132, stack(0x0000003e09400000,0x0000003e09500000)]
  0x0000014177b82860 JavaThread "Unconstrained build operations Thread 102" [_thread_blocked, id=6160, stack(0x0000003e09500000,0x0000003e09600000)]
  0x0000014177b83200 JavaThread "Unconstrained build operations Thread 103" [_thread_blocked, id=9032, stack(0x0000003e09600000,0x0000003e09700000)]
  0x000001417948a8c0 JavaThread "Unconstrained build operations Thread 104" [_thread_blocked, id=11316, stack(0x0000003e09700000,0x0000003e09800000)]
  0x000001417948ad90 JavaThread "Unconstrained build operations Thread 105" [_thread_blocked, id=30416, stack(0x0000003e09800000,0x0000003e09900000)]
  0x000001417948a3f0 JavaThread "Unconstrained build operations Thread 106" [_thread_blocked, id=13032, stack(0x0000003e09900000,0x0000003e09a00000)]
  0x0000014179488be0 JavaThread "Unconstrained build operations Thread 107" [_thread_blocked, id=11968, stack(0x0000003e09a00000,0x0000003e09b00000)]
  0x000001417948b260 JavaThread "Unconstrained build operations Thread 108" [_thread_blocked, id=33356, stack(0x0000003e09b00000,0x0000003e09c00000)]
  0x00000141794890b0 JavaThread "Unconstrained build operations Thread 109" [_thread_blocked, id=6352, stack(0x0000003e09c00000,0x0000003e09d00000)]
  0x0000014179489f20 JavaThread "Unconstrained build operations Thread 110" [_thread_blocked, id=26804, stack(0x0000003e09d00000,0x0000003e09e00000)]
  0x000001417948bc00 JavaThread "Unconstrained build operations Thread 111" [_thread_blocked, id=424, stack(0x0000003e09e00000,0x0000003e09f00000)]
  0x000001417948c0d0 JavaThread "Unconstrained build operations Thread 112" [_thread_blocked, id=25968, stack(0x0000003e09f00000,0x0000003e0a000000)]
  0x0000014179489580 JavaThread "Unconstrained build operations Thread 113" [_thread_blocked, id=8132, stack(0x0000003e0a000000,0x0000003e0a100000)]
  0x0000014179488710 JavaThread "Unconstrained build operations Thread 114" [_thread_blocked, id=3464, stack(0x0000003e0a100000,0x0000003e0a200000)]
  0x0000014179489a50 JavaThread "Unconstrained build operations Thread 115" [_thread_blocked, id=15640, stack(0x0000003e0a200000,0x0000003e0a300000)]
  0x0000014176f5f4a0 JavaThread "Unconstrained build operations Thread 116" [_thread_blocked, id=1412, stack(0x0000003e0a300000,0x0000003e0a400000)]
  0x0000014176f5f970 JavaThread "Unconstrained build operations Thread 117" [_thread_blocked, id=16788, stack(0x0000003e0a400000,0x0000003e0a500000)]
  0x0000014176f5eb00 JavaThread "Unconstrained build operations Thread 118" [_thread_blocked, id=7276, stack(0x0000003e0a500000,0x0000003e0a600000)]
  0x0000014176f5d2f0 JavaThread "Unconstrained build operations Thread 119" [_thread_blocked, id=14788, stack(0x0000003e0a600000,0x0000003e0a700000)]
  0x0000014176f5ce20 JavaThread "Unconstrained build operations Thread 120" [_thread_blocked, id=9956, stack(0x0000003e0a700000,0x0000003e0a800000)]
  0x0000014176f5dc90 JavaThread "Unconstrained build operations Thread 121" [_thread_blocked, id=22188, stack(0x0000003e0a800000,0x0000003e0a900000)]
  0x0000014176f5fe40 JavaThread "Unconstrained build operations Thread 122" [_thread_blocked, id=15876, stack(0x0000003e0a900000,0x0000003e0aa00000)]
  0x0000014176f5efd0 JavaThread "Unconstrained build operations Thread 123" [_thread_blocked, id=29040, stack(0x0000003e0aa00000,0x0000003e0ab00000)]
  0x0000014176f5c480 JavaThread "Unconstrained build operations Thread 124" [_thread_blocked, id=28288, stack(0x0000003e0ab00000,0x0000003e0ac00000)]
  0x0000014176f60310 JavaThread "Unconstrained build operations Thread 125" [_thread_blocked, id=35544, stack(0x0000003e0ac00000,0x0000003e0ad00000)]
  0x0000014176f61180 JavaThread "Unconstrained build operations Thread 126" [_thread_blocked, id=24216, stack(0x0000003e0ad00000,0x0000003e0ae00000)]
  0x0000014176f607e0 JavaThread "Unconstrained build operations Thread 127" [_thread_blocked, id=6724, stack(0x0000003e0ae00000,0x0000003e0af00000)]
  0x0000014176f5d7c0 JavaThread "Unconstrained build operations Thread 128" [_thread_blocked, id=18568, stack(0x0000003e0af00000,0x0000003e0b000000)]
  0x0000014176f60cb0 JavaThread "Unconstrained build operations Thread 129" [_thread_blocked, id=4960, stack(0x0000003e0b000000,0x0000003e0b100000)]
  0x0000014176f61650 JavaThread "Unconstrained build operations Thread 130" [_thread_blocked, id=32640, stack(0x0000003e0b100000,0x0000003e0b200000)]
  0x0000014176f61b20 JavaThread "Unconstrained build operations Thread 131" [_thread_blocked, id=5408, stack(0x0000003e0b200000,0x0000003e0b300000)]
  0x0000014176f61ff0 JavaThread "Unconstrained build operations Thread 132" [_thread_blocked, id=9376, stack(0x0000003e0b300000,0x0000003e0b400000)]
  0x0000014176f5e630 JavaThread "Unconstrained build operations Thread 133" [_thread_blocked, id=12808, stack(0x0000003e0b400000,0x0000003e0b500000)]
  0x0000014176f624c0 JavaThread "Unconstrained build operations Thread 134" [_thread_blocked, id=34980, stack(0x0000003e0b500000,0x0000003e0b600000)]
  0x0000014176f62990 JavaThread "Unconstrained build operations Thread 135" [_thread_blocked, id=32532, stack(0x0000003e0b600000,0x0000003e0b700000)]
  0x0000014176f63800 JavaThread "Unconstrained build operations Thread 136" [_thread_blocked, id=9860, stack(0x0000003e0b700000,0x0000003e0b800000)]
  0x0000014176f62e60 JavaThread "Unconstrained build operations Thread 137" [_thread_blocked, id=18788, stack(0x0000003e0b800000,0x0000003e0b900000)]
  0x0000014176f63330 JavaThread "Unconstrained build operations Thread 138" [_thread_blocked, id=18872, stack(0x0000003e0b900000,0x0000003e0ba00000)]
  0x0000014176f63cd0 JavaThread "Unconstrained build operations Thread 139" [_thread_blocked, id=13724, stack(0x0000003e0ba00000,0x0000003e0bb00000)]
  0x000001417930df60 JavaThread "Unconstrained build operations Thread 140" [_thread_blocked, id=4740, stack(0x0000003e0bb00000,0x0000003e0bc00000)]
  0x000001417930c280 JavaThread "Unconstrained build operations Thread 141" [_thread_blocked, id=9336, stack(0x0000003e0bc00000,0x0000003e0bd00000)]
  0x000001417930da90 JavaThread "Unconstrained build operations Thread 142" [_thread_blocked, id=12524, stack(0x0000003e0bd00000,0x0000003e0be00000)]
  0x000001417930a5a0 JavaThread "Unconstrained build operations Thread 143" [_thread_blocked, id=3852, stack(0x0000003e0be00000,0x0000003e0bf00000)]
  0x000001417930bdb0 JavaThread "Unconstrained build operations Thread 144" [_thread_blocked, id=10364, stack(0x0000003e0bf00000,0x0000003e0c000000)]
  0x000001417930c750 JavaThread "Unconstrained build operations Thread 145" [_thread_blocked, id=14084, stack(0x0000003e0c000000,0x0000003e0c100000)]
  0x000001417930d0f0 JavaThread "Unconstrained build operations Thread 146" [_thread_blocked, id=16748, stack(0x0000003e0c100000,0x0000003e0c200000)]
  0x000001417930e430 JavaThread "Unconstrained build operations Thread 147" [_thread_blocked, id=33340, stack(0x0000003e0c200000,0x0000003e0c300000)]
  0x000001417930d5c0 JavaThread "Unconstrained build operations Thread 148" [_thread_blocked, id=16632, stack(0x0000003e0c300000,0x0000003e0c400000)]
  0x000001417930cc20 JavaThread "Unconstrained build operations Thread 149" [_thread_blocked, id=15644, stack(0x0000003e0c400000,0x0000003e0c500000)]
  0x000001417930aa70 JavaThread "Unconstrained build operations Thread 150" [_thread_blocked, id=22616, stack(0x0000003e0c500000,0x0000003e0c600000)]
  0x000001417930e900 JavaThread "Unconstrained build operations Thread 151" [_thread_blocked, id=34044, stack(0x0000003e0c600000,0x0000003e0c700000)]
  0x000001417930af40 JavaThread "Unconstrained build operations Thread 152" [_thread_blocked, id=18440, stack(0x0000003e0c700000,0x0000003e0c800000)]
  0x000001417930edd0 JavaThread "Unconstrained build operations Thread 153" [_thread_blocked, id=27700, stack(0x0000003e0c800000,0x0000003e0c900000)]
  0x000001417930b410 JavaThread "Unconstrained build operations Thread 154" [_thread_blocked, id=5712, stack(0x0000003e0c900000,0x0000003e0ca00000)]
  0x000001417930f2a0 JavaThread "Unconstrained build operations Thread 155" [_thread_blocked, id=11808, stack(0x0000003e0ca00000,0x0000003e0cb00000)]
  0x000001417930b8e0 JavaThread "included builds" [_thread_blocked, id=1964, stack(0x0000003e0cc00000,0x0000003e0cd00000)]
  0x0000014179310110 JavaThread "Execution worker" [_thread_blocked, id=9532, stack(0x0000003e0cd00000,0x0000003e0ce00000)]
  0x000001417930f770 JavaThread "Execution worker Thread 2" [_thread_blocked, id=15488, stack(0x0000003e0ce00000,0x0000003e0cf00000)]
  0x0000014179311450 JavaThread "Execution worker Thread 3" [_thread_blocked, id=32364, stack(0x0000003e0cf00000,0x0000003e0d000000)]
  0x00000141793105e0 JavaThread "Execution worker Thread 4" [_thread_blocked, id=35440, stack(0x0000003e0d000000,0x0000003e0d100000)]
  0x000001417930fc40 JavaThread "Execution worker Thread 5" [_thread_blocked, id=17140, stack(0x0000003e0d100000,0x0000003e0d200000)]
  0x0000014179310ab0 JavaThread "Execution worker Thread 6" [_thread_blocked, id=31628, stack(0x0000003e0d200000,0x0000003e0d300000)]
  0x0000014179310f80 JavaThread "Execution worker Thread 7" [_thread_blocked, id=11804, stack(0x0000003e0d300000,0x0000003e0d400000)]
  0x0000014179311920 JavaThread "Execution worker Thread 8" [_thread_blocked, id=35356, stack(0x0000003e0d400000,0x0000003e0d500000)]
  0x0000014179311df0 JavaThread "Execution worker Thread 9" [_thread_blocked, id=9640, stack(0x0000003e0d500000,0x0000003e0d600000)]
  0x00000141743f3bf0 JavaThread "Execution worker Thread 10" [_thread_blocked, id=13532, stack(0x0000003e0d600000,0x0000003e0d700000)]
  0x000001417bd6f0f0 JavaThread "Execution worker Thread 11" [_thread_blocked, id=18360, stack(0x0000003e0d700000,0x0000003e0d800000)]
  0x000001417bd6d410 JavaThread "Execution worker Thread 12" [_thread_blocked, id=2328, stack(0x0000003e0d800000,0x0000003e0d900000)]
  0x000001417bd6d8e0 JavaThread "Execution worker Thread 13" [_thread_blocked, id=22108, stack(0x0000003e0d900000,0x0000003e0da00000)]
  0x000001417bd6ec20 JavaThread "Execution worker Thread 14" [_thread_blocked, id=26736, stack(0x0000003e0da00000,0x0000003e0db00000)]
  0x000001417bd6ddb0 JavaThread "Execution worker Thread 15" [_thread_blocked, id=15456, stack(0x0000003e0db00000,0x0000003e0dc00000)]
  0x000001417bd6ff60 JavaThread "Cache worker for execution history cache (C:\Users\2doky\Desktop\code\unu-backend-main\unu-backend-main\.gradle\8.14.3\executionHistory)" [_thread_blocked, id=2000, stack(0x0000003e0de00000,0x0000003e0df00000)]
  0x000001417bd6e280 JavaThread "Unconstrained build operations Thread 156" [_thread_blocked, id=30616, stack(0x0000003e0df00000,0x0000003e0e000000)]
  0x000001417bd6e750 JavaThread "Unconstrained build operations Thread 157" [_thread_blocked, id=23924, stack(0x0000003e0e000000,0x0000003e0e100000)]
  0x000001417bd6f5c0 JavaThread "Unconstrained build operations Thread 158" [_thread_blocked, id=9228, stack(0x0000003e0e100000,0x0000003e0e200000)]
  0x000001417bd6fa90 JavaThread "Unconstrained build operations Thread 159" [_thread_blocked, id=16984, stack(0x0000003e0e200000,0x0000003e0e300000)]
  0x000001417bd6c5a0 JavaThread "Unconstrained build operations Thread 160" [_thread_blocked, id=15592, stack(0x0000003e0e300000,0x0000003e0e400000)]
  0x000001417bd6ca70 JavaThread "Cache worker for Java compile cache (C:\Users\2doky\.gradle\caches\8.14.3\javaCompile)" [_thread_blocked, id=4272, stack(0x0000003e0e400000,0x0000003e0e500000)]
  0x000001417bd6cf40 JavaThread "Build operations" [_thread_blocked, id=1912, stack(0x0000003e0e700000,0x0000003e0e800000)]
  0x000001417716d7f0 JavaThread "Build operations Thread 2" [_thread_blocked, id=10080, stack(0x0000003e0e800000,0x0000003e0e900000)]
  0x000001417716bb10 JavaThread "Build operations Thread 3" [_thread_blocked, id=27616, stack(0x0000003e0e900000,0x0000003e0ea00000)]
  0x000001417716eb30 JavaThread "Build operations Thread 4" [_thread_blocked, id=19756, stack(0x0000003e0ea00000,0x0000003e0eb00000)]
  0x000001417716f000 JavaThread "Build operations Thread 5" [_thread_blocked, id=34400, stack(0x0000003e0eb00000,0x0000003e0ec00000)]
  0x000001417716bfe0 JavaThread "Build operations Thread 6" [_thread_blocked, id=15696, stack(0x0000003e0ec00000,0x0000003e0ed00000)]
  0x000001417716dcc0 JavaThread "Build operations Thread 7" [_thread_blocked, id=21756, stack(0x0000003e0ed00000,0x0000003e0ee00000)]
  0x000001417716c4b0 JavaThread "Build operations Thread 8" [_thread_blocked, id=34084, stack(0x0000003e0ee00000,0x0000003e0ef00000)]
  0x000001417716e190 JavaThread "Build operations Thread 9" [_thread_blocked, id=12120, stack(0x0000003e0ef00000,0x0000003e0f000000)]
  0x000001417716e660 JavaThread "Build operations Thread 10" [_thread_blocked, id=27964, stack(0x0000003e0f000000,0x0000003e0f100000)]
  0x000001417716d320 JavaThread "Build operations Thread 11" [_thread_blocked, id=2076, stack(0x0000003e0f100000,0x0000003e0f200000)]
  0x000001417716c980 JavaThread "Build operations Thread 12" [_thread_blocked, id=16388, stack(0x0000003e0f200000,0x0000003e0f300000)]
  0x000001417716b640 JavaThread "Build operations Thread 13" [_thread_blocked, id=6428, stack(0x0000003e0f300000,0x0000003e0f400000)]
  0x000001417716f4d0 JavaThread "Build operations Thread 14" [_thread_blocked, id=2448, stack(0x0000003e0f400000,0x0000003e0f500000)]
  0x000001417716f9a0 JavaThread "Build operations Thread 15" [_thread_blocked, id=27564, stack(0x0000003e0f500000,0x0000003e0f600000)]
  0x0000014177170340 JavaThread "Exec process" [_thread_in_native, id=26124, stack(0x0000003e0f800000,0x0000003e0f900000)]
  0x000001417716ce50 JavaThread "Exec process Thread 2" [_thread_in_native, id=3552, stack(0x0000003e0fa00000,0x0000003e0fb00000)]
  0x00000141771741d0 JavaThread "Exec process Thread 3" [_thread_in_native, id=33072, stack(0x0000003e0fb00000,0x0000003e0fc00000)]
  0x0000014177172020 JavaThread "Exec process Thread 4" [_thread_in_native, id=20368, stack(0x0000003e0f900000,0x0000003e0fa00000)]
  0x00000141771724f0 JavaThread "/127.0.0.1:51425 to /127.0.0.1:51426 workers" [_thread_blocked, id=32868, stack(0x0000003e0fc00000,0x0000003e0fd00000)]
  0x0000014177173360 JavaThread "/127.0.0.1:51425 to /127.0.0.1:51426 workers Thread 2" [_thread_blocked, id=2984, stack(0x0000003e0fd00000,0x0000003e0fe00000)]
  0x0000014177173830 JavaThread "/127.0.0.1:51425 to /127.0.0.1:51426 workers Thread 3" [_thread_blocked, id=24572, stack(0x0000003e0fe00000,0x0000003e0ff00000)]
  0x00000141771729c0 JavaThread "/127.0.0.1:51425 to /127.0.0.1:51426 workers Thread 4" [_thread_blocked, id=33540, stack(0x0000003e0ff00000,0x0000003e10000000)]
  0x00000141771711b0 JavaThread "/127.0.0.1:51425 to /127.0.0.1:51426 workers Thread 5" [_thread_in_native, id=15184, stack(0x0000003e10000000,0x0000003e10100000)]
  0x0000014177173d00 JavaThread "Exec process Thread 5" [_thread_in_native, id=7156, stack(0x0000003e0f600000,0x0000003e0f700000)]
  0x0000014177170810 JavaThread "Exec process Thread 6" [_thread_in_native, id=19212, stack(0x0000003e10100000,0x0000003e10200000)]
  0x00000141772875b0 JavaThread "C2 CompilerThread1" daemon [_thread_blocked, id=36260, stack(0x0000003e00a00000,0x0000003e00b00000)]
  0x0000014179935060 JavaThread "C2 CompilerThread2" daemon [_thread_blocked, id=36256, stack(0x0000003e01e00000,0x0000003e01f00000)]
  0x00000141799318b0 JavaThread "C2 CompilerThread3" daemon [_thread_blocked, id=36788, stack(0x0000003e04e00000,0x0000003e04f00000)]
  0x0000014179934640 JavaThread "C2 CompilerThread4" daemon [_thread_blocked, id=36792, stack(0x0000003e04f00000,0x0000003e05000000)]
  0x0000014179932cf0 JavaThread "C2 CompilerThread5" daemon [_thread_blocked, id=36796, stack(0x0000003e05000000,0x0000003e05100000)]
  0x00000141799327e0 JavaThread "C2 CompilerThread6" daemon [_thread_blocked, id=36800, stack(0x0000003e05100000,0x0000003e05200000)]
  0x0000014179933200 JavaThread "C2 CompilerThread7" daemon [_thread_blocked, id=36804, stack(0x0000003e05200000,0x0000003e05300000)]

Other Threads:
  0x000001415ac0fb80 VMThread "VM Thread" [stack: 0x0000003e7e400000,0x0000003e7e500000] [id=5824]
  0x00000141741f4d20 WatcherThread [stack: 0x0000003e7f300000,0x0000003e7f400000] [id=19576]
  0x000001413d8d3b30 GCTaskThread "GC Thread#0" [stack: 0x0000003e7df00000,0x0000003e7e000000] [id=34088]
  0x0000014174422f50 GCTaskThread "GC Thread#1" [stack: 0x0000003e7f600000,0x0000003e7f700000] [id=27156]
  0x00000141743e8bf0 GCTaskThread "GC Thread#2" [stack: 0x0000003e7f700000,0x0000003e7f800000] [id=12368]
=>0x00000141744531b0 GCTaskThread "GC Thread#3" [stack: 0x0000003e7f800000,0x0000003e7f900000] [id=14944]
  0x0000014174453470 GCTaskThread "GC Thread#4" [stack: 0x0000003e7f900000,0x0000003e7fa00000] [id=31872]
  0x00000141747a9900 GCTaskThread "GC Thread#5" [stack: 0x0000003e7fa00000,0x0000003e7fb00000] [id=24212]
  0x00000141746b4da0 GCTaskThread "GC Thread#6" [stack: 0x0000003e7f500000,0x0000003e7f600000] [id=31796]
  0x00000141746b42a0 GCTaskThread "GC Thread#7" [stack: 0x0000003e7fb00000,0x0000003e7fc00000] [id=12612]
  0x00000141746b5320 GCTaskThread "GC Thread#8" [stack: 0x0000003e00e00000,0x0000003e00f00000] [id=3676]
  0x00000141746b4820 GCTaskThread "GC Thread#9" [stack: 0x0000003e00f00000,0x0000003e01000000] [id=12664]
  0x00000141746b4560 GCTaskThread "GC Thread#10" [stack: 0x0000003e01000000,0x0000003e01100000] [id=14844]
  0x00000141768750c0 GCTaskThread "GC Thread#11" [stack: 0x0000003e01100000,0x0000003e01200000] [id=30152]
  0x0000014176877480 GCTaskThread "GC Thread#12" [stack: 0x0000003e01200000,0x0000003e01300000] [id=9620]
  0x000001413d8d8990 ConcurrentGCThread "G1 Main Marker" [stack: 0x0000003e7e000000,0x0000003e7e100000] [id=4700]
  0x000001413d8db5d0 ConcurrentGCThread "G1 Conc#0" [stack: 0x0000003e7e100000,0x0000003e7e200000] [id=34072]
  0x0000014176876f00 ConcurrentGCThread "G1 Conc#1" [stack: 0x0000003e01300000,0x0000003e01400000] [id=28736]
  0x0000014176878500 ConcurrentGCThread "G1 Conc#2" [stack: 0x0000003e01400000,0x0000003e01500000] [id=23692]
  0x000001413d96eb40 ConcurrentGCThread "G1 Refine#0" [stack: 0x0000003e7e200000,0x0000003e7e300000] [id=4732]
  0x000001417b16e770 ConcurrentGCThread "G1 Refine#1" [stack: 0x0000003e04c00000,0x0000003e04d00000] [id=7292]
  0x0000014177c31bd0 ConcurrentGCThread "G1 Refine#2" [stack: 0x0000003e05c00000,0x0000003e05d00000] [id=23304]
  0x000001415aac6570 ConcurrentGCThread "G1 Service" [stack: 0x0000003e7e300000,0x0000003e7e400000] [id=5320]

Threads with active compile tasks:
C2 CompilerThread0  37675357 12385   !   4       org.gradle.launcher.daemon.server.health.gc.GarbageCollectionCheck::run (213 bytes)
C2 CompilerThread1  37675357 12429       4       java.util.concurrent.ScheduledThreadPoolExecutor::reExecutePeriodic (49 bytes)
C2 CompilerThread2  37675357 12425       4       java.util.concurrent.ScheduledThreadPoolExecutor$DelayedWorkQueue::take (5 bytes)
C2 CompilerThread3  37675357 12420       4       java.util.stream.ReferencePipeline$7::opWrapSink (10 bytes)
C2 CompilerThread4  37675357 12426   !   4       java.util.concurrent.ScheduledThreadPoolExecutor$DelayedWorkQueue::take (203 bytes)
C2 CompilerThread5  37675357 12424   !   4       java.util.concurrent.ThreadPoolExecutor::getTask (177 bytes)
C2 CompilerThread6  37675357 12418   !   4       java.util.concurrent.ScheduledThreadPoolExecutor$DelayedWorkQueue::offer (123 bytes)
C2 CompilerThread7  37675357 12436   !   4       org.gradle.launcher.daemon.server.health.gc.DefaultSlidingWindow::slideAndInsert (50 bytes)

VM state: at safepoint (normal execution)

VM Mutex/Monitor currently owned by a thread:  ([mutex/lock_event])
[0x000001413d89f060] Threads_lock - owner thread: 0x000001415ac0fb80
[0x000001413d8a0530] Heap_lock - owner thread: 0x0000014175f5b070

Heap address: 0x00000000e0000000, size: 512 MB, Compressed Oops mode: 32-bit

CDS archive(s) mapped at: [0x000001415b000000-0x000001415bbd0000-0x000001415bbd0000), size 12386304, SharedBaseAddress: 0x000001415b000000, ArchiveRelocationMode: 1.
Compressed class space mapped at: 0x000001415c000000-0x0000014170000000, reserved size: 335544320
Narrow klass base: 0x000001415b000000, Narrow klass shift: 0, Narrow klass range: 0x100000000

GC Precious Log:
 CPUs: 16 total, 16 available
 Memory: 31863M
 Large Page Support: Disabled
 NUMA Support: Disabled
 Compressed Oops: Enabled (32-bit)
 Heap Region Size: 1M
 Heap Min Capacity: 256M
 Heap Initial Capacity: 256M
 Heap Max Capacity: 512M
 Pre-touch: Disabled
 Parallel Workers: 13
 Concurrent Workers: 3
 Concurrent Refinement Workers: 13
 Periodic GC: Disabled

Heap:
 garbage-first heap   total 262144K, used 210777K [0x00000000e0000000, 0x0000000100000000)
  region size 1024K, 137 young (140288K), 4 survivors (4096K)
 Metaspace       used 66899K, committed 67520K, reserved 393216K
  class space    used 9200K, committed 9472K, reserved 327680K

Heap Regions: E=young(eden), S=young(survivor), O=old, HS=humongous(starts), HC=humongous(continues), CS=collection set, F=free, OA=open archive, CA=closed archive, TAMS=top-at-mark-start (previous, next)
|   0|0x00000000e0000000, 0x00000000e0100000, 0x00000000e0100000|100%|HS|  |TAMS 0x00000000e0100000, 0x00000000e0000000| Complete 
|   1|0x00000000e0100000, 0x00000000e0200000, 0x00000000e0200000|100%|HC|  |TAMS 0x00000000e0200000, 0x00000000e0100000| Complete 
|   2|0x00000000e0200000, 0x00000000e0300000, 0x00000000e0300000|100%|HC|  |TAMS 0x00000000e0300000, 0x00000000e0200000| Complete 
|   3|0x00000000e0300000, 0x00000000e0400000, 0x00000000e0400000|100%| O|  |TAMS 0x00000000e0400000, 0x00000000e0300000| Untracked 
|   4|0x00000000e0400000, 0x00000000e0500000, 0x00000000e0500000|100%| O|  |TAMS 0x00000000e0500000, 0x00000000e0400000| Untracked 
|   5|0x00000000e0500000, 0x00000000e0600000, 0x00000000e0600000|100%| O|  |TAMS 0x00000000e0600000, 0x00000000e0500000| Untracked 
|   6|0x00000000e0600000, 0x00000000e0700000, 0x00000000e0700000|100%|HS|  |TAMS 0x00000000e0700000, 0x00000000e0600000| Complete 
|   7|0x00000000e0700000, 0x00000000e0800000, 0x00000000e0800000|100%| O|  |TAMS 0x00000000e0800000, 0x00000000e0700000| Untracked 
|   8|0x00000000e0800000, 0x00000000e0900000, 0x00000000e0900000|100%| O|  |TAMS 0x00000000e0900000, 0x00000000e0800000| Untracked 
|   9|0x00000000e0900000, 0x00000000e0a00000, 0x00000000e0a00000|100%| O|  |TAMS 0x00000000e0a00000, 0x00000000e0900000| Untracked 
|  10|0x00000000e0a00000, 0x00000000e0b00000, 0x00000000e0b00000|100%| O|  |TAMS 0x00000000e0b00000, 0x00000000e0a00000| Untracked 
|  11|0x00000000e0b00000, 0x00000000e0c00000, 0x00000000e0c00000|100%| O|  |TAMS 0x00000000e0c00000, 0x00000000e0b00000| Untracked 
|  12|0x00000000e0c00000, 0x00000000e0d00000, 0x00000000e0d00000|100%| O|  |TAMS 0x00000000e0d00000, 0x00000000e0c00000| Untracked 
|  13|0x00000000e0d00000, 0x00000000e0e00000, 0x00000000e0e00000|100%| O|  |TAMS 0x00000000e0e00000, 0x00000000e0d00000| Untracked 
|  14|0x00000000e0e00000, 0x00000000e0f00000, 0x00000000e0f00000|100%| O|  |TAMS 0x00000000e0f00000, 0x00000000e0e00000| Untracked 
|  15|0x00000000e0f00000, 0x00000000e1000000, 0x00000000e1000000|100%| O|  |TAMS 0x00000000e1000000, 0x00000000e0f00000| Untracked 
|  16|0x00000000e1000000, 0x00000000e1100000, 0x00000000e1100000|100%| O|  |TAMS 0x00000000e1100000, 0x00000000e1000000| Untracked 
|  17|0x00000000e1100000, 0x00000000e1200000, 0x00000000e1200000|100%| O|  |TAMS 0x00000000e1200000, 0x00000000e1100000| Untracked 
|  18|0x00000000e1200000, 0x00000000e1300000, 0x00000000e1300000|100%| O|  |TAMS 0x00000000e1200000, 0x00000000e1200000| Untracked 
|  19|0x00000000e1300000, 0x00000000e1400000, 0x00000000e1400000|100%| O|  |TAMS 0x00000000e1300000, 0x00000000e1300000| Untracked 
|  20|0x00000000e1400000, 0x00000000e1500000, 0x00000000e1500000|100%| O|  |TAMS 0x00000000e1400000, 0x00000000e1400000| Untracked 
|  21|0x00000000e1500000, 0x00000000e1600000, 0x00000000e1600000|100%| O|  |TAMS 0x00000000e1500000, 0x00000000e1500000| Untracked 
|  22|0x00000000e1600000, 0x00000000e1700000, 0x00000000e1700000|100%| O|  |TAMS 0x00000000e1600000, 0x00000000e1600000| Untracked 
|  23|0x00000000e1700000, 0x00000000e1800000, 0x00000000e1800000|100%| O|  |TAMS 0x00000000e1700000, 0x00000000e1700000| Untracked 
|  24|0x00000000e1800000, 0x00000000e1900000, 0x00000000e1900000|100%| O|  |TAMS 0x00000000e1800000, 0x00000000e1800000| Untracked 
|  25|0x00000000e1900000, 0x00000000e1a00000, 0x00000000e1a00000|100%| O|  |TAMS 0x00000000e1a00000, 0x00000000e1900000| Untracked 
|  26|0x00000000e1a00000, 0x00000000e1b00000, 0x00000000e1b00000|100%| O|  |TAMS 0x00000000e1b00000, 0x00000000e1a00000| Untracked 
|  27|0x00000000e1b00000, 0x00000000e1c00000, 0x00000000e1c00000|100%| O|  |TAMS 0x00000000e1c00000, 0x00000000e1b00000| Untracked 
|  28|0x00000000e1c00000, 0x00000000e1d00000, 0x00000000e1d00000|100%| O|  |TAMS 0x00000000e1d00000, 0x00000000e1c00000| Untracked 
|  29|0x00000000e1d00000, 0x00000000e1e00000, 0x00000000e1e00000|100%| O|  |TAMS 0x00000000e1e00000, 0x00000000e1d00000| Untracked 
|  30|0x00000000e1e00000, 0x00000000e1f00000, 0x00000000e1f00000|100%| O|  |TAMS 0x00000000e1e7de00, 0x00000000e1e00000| Untracked 
|  31|0x00000000e1f00000, 0x00000000e2000000, 0x00000000e2000000|100%| O|  |TAMS 0x00000000e1f00000, 0x00000000e1f00000| Untracked 
|  32|0x00000000e2000000, 0x00000000e2100000, 0x00000000e2100000|100%| O|  |TAMS 0x00000000e2000000, 0x00000000e2000000| Untracked 
|  33|0x00000000e2100000, 0x00000000e2200000, 0x00000000e2200000|100%| O|  |TAMS 0x00000000e2100000, 0x00000000e2100000| Untracked 
|  34|0x00000000e2200000, 0x00000000e2300000, 0x00000000e2300000|100%| O|  |TAMS 0x00000000e2200000, 0x00000000e2200000| Untracked 
|  35|0x00000000e2300000, 0x00000000e2400000, 0x00000000e2400000|100%| O|  |TAMS 0x00000000e2300000, 0x00000000e2300000| Untracked 
|  36|0x00000000e2400000, 0x00000000e2500000, 0x00000000e2500000|100%| O|  |TAMS 0x00000000e2400000, 0x00000000e2400000| Untracked 
|  37|0x00000000e2500000, 0x00000000e2600000, 0x00000000e2600000|100%| O|  |TAMS 0x00000000e2500000, 0x00000000e2500000| Untracked 
|  38|0x00000000e2600000, 0x00000000e2700000, 0x00000000e2700000|100%| O|  |TAMS 0x00000000e2600000, 0x00000000e2600000| Untracked 
|  39|0x00000000e2700000, 0x00000000e2800000, 0x00000000e2800000|100%| O|  |TAMS 0x00000000e2700000, 0x00000000e2700000| Untracked 
|  40|0x00000000e2800000, 0x00000000e2900000, 0x00000000e2900000|100%| O|  |TAMS 0x00000000e2800000, 0x00000000e2800000| Untracked 
|  41|0x00000000e2900000, 0x00000000e2a00000, 0x00000000e2a00000|100%| O|  |TAMS 0x00000000e2900000, 0x00000000e2900000| Untracked 
|  42|0x00000000e2a00000, 0x00000000e2b00000, 0x00000000e2b00000|100%| O|  |TAMS 0x00000000e2a00000, 0x00000000e2a00000| Untracked 
|  43|0x00000000e2b00000, 0x00000000e2c00000, 0x00000000e2c00000|100%| O|  |TAMS 0x00000000e2b00000, 0x00000000e2b00000| Untracked 
|  44|0x00000000e2c00000, 0x00000000e2d00000, 0x00000000e2d00000|100%| O|  |TAMS 0x00000000e2c00000, 0x00000000e2c00000| Untracked 
|  45|0x00000000e2d00000, 0x00000000e2e00000, 0x00000000e2e00000|100%| O|  |TAMS 0x00000000e2d00000, 0x00000000e2d00000| Untracked 
|  46|0x00000000e2e00000, 0x00000000e2f00000, 0x00000000e2f00000|100%| O|  |TAMS 0x00000000e2e00000, 0x00000000e2e00000| Untracked 
|  47|0x00000000e2f00000, 0x00000000e3000000, 0x00000000e3000000|100%|HS|  |TAMS 0x00000000e2f00000, 0x00000000e2f00000| Complete 
|  48|0x00000000e3000000, 0x00000000e3100000, 0x00000000e3100000|100%|HS|  |TAMS 0x00000000e3000000, 0x00000000e3000000| Complete 
|  49|0x00000000e3100000, 0x00000000e3200000, 0x00000000e3200000|100%|HS|  |TAMS 0x00000000e3100000, 0x00000000e3100000| Complete 
|  50|0x00000000e3200000, 0x00000000e3300000, 0x00000000e3300000|100%|HS|  |TAMS 0x00000000e3200000, 0x00000000e3200000| Complete 
|  51|0x00000000e3300000, 0x00000000e3400000, 0x00000000e3400000|100%|HS|  |TAMS 0x00000000e3300000, 0x00000000e3300000| Complete 
|  52|0x00000000e3400000, 0x00000000e3500000, 0x00000000e3500000|100%|HS|  |TAMS 0x00000000e3400000, 0x00000000e3400000| Complete 
|  53|0x00000000e3500000, 0x00000000e3600000, 0x00000000e3600000|100%| O|  |TAMS 0x00000000e3500000, 0x00000000e3500000| Untracked 
|  54|0x00000000e3600000, 0x00000000e3700000, 0x00000000e3700000|100%| O|  |TAMS 0x00000000e3600000, 0x00000000e3600000| Untracked 
|  55|0x00000000e3700000, 0x00000000e3800000, 0x00000000e3800000|100%| O|  |TAMS 0x00000000e3700000, 0x00000000e3700000| Untracked 
|  56|0x00000000e3800000, 0x00000000e3900000, 0x00000000e3900000|100%| O|  |TAMS 0x00000000e3800000, 0x00000000e3800000| Untracked 
|  57|0x00000000e3900000, 0x00000000e3a00000, 0x00000000e3a00000|100%| O|  |TAMS 0x00000000e3900000, 0x00000000e3900000| Untracked 
|  58|0x00000000e3a00000, 0x00000000e3b00000, 0x00000000e3b00000|100%| O|  |TAMS 0x00000000e3a00000, 0x00000000e3a00000| Untracked 
|  59|0x00000000e3b00000, 0x00000000e3c00000, 0x00000000e3c00000|100%| O|  |TAMS 0x00000000e3b00000, 0x00000000e3b00000| Untracked 
|  60|0x00000000e3c00000, 0x00000000e3d00000, 0x00000000e3d00000|100%| O|  |TAMS 0x00000000e3c00000, 0x00000000e3c00000| Untracked 
|  61|0x00000000e3d00000, 0x00000000e3e00000, 0x00000000e3e00000|100%| O|  |TAMS 0x00000000e3d00000, 0x00000000e3d00000| Untracked 
|  62|0x00000000e3e00000, 0x00000000e3f00000, 0x00000000e3f00000|100%| O|  |TAMS 0x00000000e3e00000, 0x00000000e3e00000| Untracked 
|  63|0x00000000e3f00000, 0x00000000e4000000, 0x00000000e4000000|100%| O|  |TAMS 0x00000000e3f00000, 0x00000000e3f00000| Untracked 
|  64|0x00000000e4000000, 0x00000000e4100000, 0x00000000e4100000|100%| O|  |TAMS 0x00000000e4000000, 0x00000000e4000000| Untracked 
|  65|0x00000000e4100000, 0x00000000e4200000, 0x00000000e4200000|100%| O|  |TAMS 0x00000000e4100000, 0x00000000e4100000| Untracked 
|  66|0x00000000e4200000, 0x00000000e4300000, 0x00000000e4300000|100%| O|  |TAMS 0x00000000e4200000, 0x00000000e4200000| Untracked 
|  67|0x00000000e4300000, 0x00000000e4400000, 0x00000000e4400000|100%| O|  |TAMS 0x00000000e4300000, 0x00000000e4300000| Untracked 
|  68|0x00000000e4400000, 0x00000000e4500000, 0x00000000e4500000|100%| O|  |TAMS 0x00000000e4400000, 0x00000000e4400000| Untracked 
|  69|0x00000000e4500000, 0x00000000e4600000, 0x00000000e4600000|100%| O|  |TAMS 0x00000000e4500000, 0x00000000e4500000| Untracked 
|  70|0x00000000e4600000, 0x00000000e4700000, 0x00000000e4700000|100%| O|  |TAMS 0x00000000e4600000, 0x00000000e4600000| Untracked 
|  71|0x00000000e4700000, 0x00000000e4800000, 0x00000000e4800000|100%| O|  |TAMS 0x00000000e4700000, 0x00000000e4700000| Untracked 
|  72|0x00000000e4800000, 0x00000000e4800000, 0x00000000e4900000|  0%| F|  |TAMS 0x00000000e4800000, 0x00000000e4800000| Untracked 
|  73|0x00000000e4900000, 0x00000000e4900000, 0x00000000e4a00000|  0%| F|  |TAMS 0x00000000e4900000, 0x00000000e4900000| Untracked 
|  74|0x00000000e4a00000, 0x00000000e4a00000, 0x00000000e4b00000|  0%| F|  |TAMS 0x00000000e4a00000, 0x00000000e4a00000| Untracked 
|  75|0x00000000e4b00000, 0x00000000e4b00000, 0x00000000e4c00000|  0%| F|  |TAMS 0x00000000e4b00000, 0x00000000e4b00000| Untracked 
|  76|0x00000000e4c00000, 0x00000000e4c00000, 0x00000000e4d00000|  0%| F|  |TAMS 0x00000000e4c00000, 0x00000000e4c00000| Untracked 
|  77|0x00000000e4d00000, 0x00000000e4d00000, 0x00000000e4e00000|  0%| F|  |TAMS 0x00000000e4d00000, 0x00000000e4d00000| Untracked 
|  78|0x00000000e4e00000, 0x00000000e4e00000, 0x00000000e4f00000|  0%| F|  |TAMS 0x00000000e4e00000, 0x00000000e4e00000| Untracked 
|  79|0x00000000e4f00000, 0x00000000e4f00000, 0x00000000e5000000|  0%| F|  |TAMS 0x00000000e4f00000, 0x00000000e4f00000| Untracked 
|  80|0x00000000e5000000, 0x00000000e5000000, 0x00000000e5100000|  0%| F|  |TAMS 0x00000000e5000000, 0x00000000e5000000| Untracked 
|  81|0x00000000e5100000, 0x00000000e5100000, 0x00000000e5200000|  0%| F|  |TAMS 0x00000000e5100000, 0x00000000e5100000| Untracked 
|  82|0x00000000e5200000, 0x00000000e5200000, 0x00000000e5300000|  0%| F|  |TAMS 0x00000000e5200000, 0x00000000e5200000| Untracked 
|  83|0x00000000e5300000, 0x00000000e53d65b0, 0x00000000e5400000| 83%| E|CS|TAMS 0x00000000e5300000, 0x00000000e5300000| Complete 
|  84|0x00000000e5400000, 0x00000000e5500000, 0x00000000e5500000|100%| E|CS|TAMS 0x00000000e5400000, 0x00000000e5400000| Complete 
|  85|0x00000000e5500000, 0x00000000e5600000, 0x00000000e5600000|100%| E|CS|TAMS 0x00000000e5500000, 0x00000000e5500000| Complete 
|  86|0x00000000e5600000, 0x00000000e5700000, 0x00000000e5700000|100%| E|CS|TAMS 0x00000000e5600000, 0x00000000e5600000| Complete 
|  87|0x00000000e5700000, 0x00000000e5800000, 0x00000000e5800000|100%| E|CS|TAMS 0x00000000e5700000, 0x00000000e5700000| Complete 
|  88|0x00000000e5800000, 0x00000000e5800000, 0x00000000e5900000|  0%| F|  |TAMS 0x00000000e5800000, 0x00000000e5800000| Untracked 
|  89|0x00000000e5900000, 0x00000000e5900000, 0x00000000e5a00000|  0%| F|  |TAMS 0x00000000e5900000, 0x00000000e5900000| Untracked 
|  90|0x00000000e5a00000, 0x00000000e5a00000, 0x00000000e5b00000|  0%| F|  |TAMS 0x00000000e5a00000, 0x00000000e5a00000| Untracked 
|  91|0x00000000e5b00000, 0x00000000e5b00000, 0x00000000e5c00000|  0%| F|  |TAMS 0x00000000e5b00000, 0x00000000e5b00000| Untracked 
|  92|0x00000000e5c00000, 0x00000000e5c00000, 0x00000000e5d00000|  0%| F|  |TAMS 0x00000000e5c00000, 0x00000000e5c00000| Untracked 
|  93|0x00000000e5d00000, 0x00000000e5d00000, 0x00000000e5e00000|  0%| F|  |TAMS 0x00000000e5d00000, 0x00000000e5d00000| Untracked 
|  94|0x00000000e5e00000, 0x00000000e5e00000, 0x00000000e5f00000|  0%| F|  |TAMS 0x00000000e5e00000, 0x00000000e5e00000| Untracked 
|  95|0x00000000e5f00000, 0x00000000e5f00000, 0x00000000e6000000|  0%| F|  |TAMS 0x00000000e5f00000, 0x00000000e5f00000| Untracked 
|  96|0x00000000e6000000, 0x00000000e6000000, 0x00000000e6100000|  0%| F|  |TAMS 0x00000000e6000000, 0x00000000e6000000| Untracked 
|  97|0x00000000e6100000, 0x00000000e6100000, 0x00000000e6200000|  0%| F|  |TAMS 0x00000000e6100000, 0x00000000e6100000| Untracked 
|  98|0x00000000e6200000, 0x00000000e6200000, 0x00000000e6300000|  0%| F|  |TAMS 0x00000000e6200000, 0x00000000e6200000| Untracked 
|  99|0x00000000e6300000, 0x00000000e6300000, 0x00000000e6400000|  0%| F|  |TAMS 0x00000000e6300000, 0x00000000e6300000| Untracked 
| 100|0x00000000e6400000, 0x00000000e6400000, 0x00000000e6500000|  0%| F|  |TAMS 0x00000000e6400000, 0x00000000e6400000| Untracked 
| 101|0x00000000e6500000, 0x00000000e6500000, 0x00000000e6600000|  0%| F|  |TAMS 0x00000000e6500000, 0x00000000e6500000| Untracked 
| 102|0x00000000e6600000, 0x00000000e6600000, 0x00000000e6700000|  0%| F|  |TAMS 0x00000000e6600000, 0x00000000e6600000| Untracked 
| 103|0x00000000e6700000, 0x00000000e6800000, 0x00000000e6800000|100%| E|CS|TAMS 0x00000000e6700000, 0x00000000e6700000| Complete 
| 104|0x00000000e6800000, 0x00000000e6900000, 0x00000000e6900000|100%| E|CS|TAMS 0x00000000e6800000, 0x00000000e6800000| Complete 
| 105|0x00000000e6900000, 0x00000000e6a00000, 0x00000000e6a00000|100%| E|CS|TAMS 0x00000000e6900000, 0x00000000e6900000| Complete 
| 106|0x00000000e6a00000, 0x00000000e6b00000, 0x00000000e6b00000|100%| E|CS|TAMS 0x00000000e6a00000, 0x00000000e6a00000| Complete 
| 107|0x00000000e6b00000, 0x00000000e6c00000, 0x00000000e6c00000|100%| E|CS|TAMS 0x00000000e6b00000, 0x00000000e6b00000| Complete 
| 108|0x00000000e6c00000, 0x00000000e6d00000, 0x00000000e6d00000|100%| E|CS|TAMS 0x00000000e6c00000, 0x00000000e6c00000| Complete 
| 109|0x00000000e6d00000, 0x00000000e6e00000, 0x00000000e6e00000|100%| E|CS|TAMS 0x00000000e6d00000, 0x00000000e6d00000| Complete 
| 110|0x00000000e6e00000, 0x00000000e6f00000, 0x00000000e6f00000|100%| E|CS|TAMS 0x00000000e6e00000, 0x00000000e6e00000| Complete 
| 111|0x00000000e6f00000, 0x00000000e7000000, 0x00000000e7000000|100%| E|CS|TAMS 0x00000000e6f00000, 0x00000000e6f00000| Complete 
| 112|0x00000000e7000000, 0x00000000e7100000, 0x00000000e7100000|100%| E|CS|TAMS 0x00000000e7000000, 0x00000000e7000000| Complete 
| 113|0x00000000e7100000, 0x00000000e7200000, 0x00000000e7200000|100%| E|CS|TAMS 0x00000000e7100000, 0x00000000e7100000| Complete 
| 114|0x00000000e7200000, 0x00000000e7300000, 0x00000000e7300000|100%| E|CS|TAMS 0x00000000e7200000, 0x00000000e7200000| Complete 
| 115|0x00000000e7300000, 0x00000000e7400000, 0x00000000e7400000|100%| E|CS|TAMS 0x00000000e7300000, 0x00000000e7300000| Complete 
| 116|0x00000000e7400000, 0x00000000e7500000, 0x00000000e7500000|100%| E|CS|TAMS 0x00000000e7400000, 0x00000000e7400000| Complete 
| 117|0x00000000e7500000, 0x00000000e7600000, 0x00000000e7600000|100%| E|CS|TAMS 0x00000000e7500000, 0x00000000e7500000| Complete 
| 118|0x00000000e7600000, 0x00000000e7600000, 0x00000000e7700000|  0%| F|  |TAMS 0x00000000e7600000, 0x00000000e7600000| Untracked 
| 119|0x00000000e7700000, 0x00000000e7742d00, 0x00000000e7800000| 26%| S|  |TAMS 0x00000000e7700000, 0x00000000e7700000| Complete 
| 120|0x00000000e7800000, 0x00000000e7900000, 0x00000000e7900000|100%| S|  |TAMS 0x00000000e7800000, 0x00000000e7800000| Complete 
| 121|0x00000000e7900000, 0x00000000e7a00000, 0x00000000e7a00000|100%| S|  |TAMS 0x00000000e7900000, 0x00000000e7900000| Complete 
| 122|0x00000000e7a00000, 0x00000000e7b00000, 0x00000000e7b00000|100%| S|  |TAMS 0x00000000e7a00000, 0x00000000e7a00000| Complete 
| 123|0x00000000e7b00000, 0x00000000e7c00000, 0x00000000e7c00000|100%| E|CS|TAMS 0x00000000e7b00000, 0x00000000e7b00000| Complete 
| 124|0x00000000e7c00000, 0x00000000e7d00000, 0x00000000e7d00000|100%| E|CS|TAMS 0x00000000e7c00000, 0x00000000e7c00000| Complete 
| 125|0x00000000e7d00000, 0x00000000e7e00000, 0x00000000e7e00000|100%| E|CS|TAMS 0x00000000e7d00000, 0x00000000e7d00000| Complete 
| 126|0x00000000e7e00000, 0x00000000e7f00000, 0x00000000e7f00000|100%| E|CS|TAMS 0x00000000e7e00000, 0x00000000e7e00000| Complete 
| 127|0x00000000e7f00000, 0x00000000e8000000, 0x00000000e8000000|100%| E|CS|TAMS 0x00000000e7f00000, 0x00000000e7f00000| Complete 
| 128|0x00000000e8000000, 0x00000000e8100000, 0x00000000e8100000|100%| E|CS|TAMS 0x00000000e8000000, 0x00000000e8000000| Complete 
| 129|0x00000000e8100000, 0x00000000e8200000, 0x00000000e8200000|100%| E|CS|TAMS 0x00000000e8100000, 0x00000000e8100000| Complete 
| 130|0x00000000e8200000, 0x00000000e8300000, 0x00000000e8300000|100%| E|CS|TAMS 0x00000000e8200000, 0x00000000e8200000| Complete 
| 131|0x00000000e8300000, 0x00000000e8400000, 0x00000000e8400000|100%| E|CS|TAMS 0x00000000e8300000, 0x00000000e8300000| Complete 
| 132|0x00000000e8400000, 0x00000000e8500000, 0x00000000e8500000|100%| E|CS|TAMS 0x00000000e8400000, 0x00000000e8400000| Complete 
| 133|0x00000000e8500000, 0x00000000e8600000, 0x00000000e8600000|100%| E|CS|TAMS 0x00000000e8500000, 0x00000000e8500000| Complete 
| 134|0x00000000e8600000, 0x00000000e8700000, 0x00000000e8700000|100%| E|CS|TAMS 0x00000000e8600000, 0x00000000e8600000| Complete 
| 135|0x00000000e8700000, 0x00000000e8800000, 0x00000000e8800000|100%| E|CS|TAMS 0x00000000e8700000, 0x00000000e8700000| Complete 
| 136|0x00000000e8800000, 0x00000000e8900000, 0x00000000e8900000|100%| E|CS|TAMS 0x00000000e8800000, 0x00000000e8800000| Complete 
| 137|0x00000000e8900000, 0x00000000e8a00000, 0x00000000e8a00000|100%| E|CS|TAMS 0x00000000e8900000, 0x00000000e8900000| Complete 
| 138|0x00000000e8a00000, 0x00000000e8b00000, 0x00000000e8b00000|100%| E|CS|TAMS 0x00000000e8a00000, 0x00000000e8a00000| Complete 
| 139|0x00000000e8b00000, 0x00000000e8c00000, 0x00000000e8c00000|100%| E|CS|TAMS 0x00000000e8b00000, 0x00000000e8b00000| Complete 
| 140|0x00000000e8c00000, 0x00000000e8d00000, 0x00000000e8d00000|100%| E|CS|TAMS 0x00000000e8c00000, 0x00000000e8c00000| Complete 
| 141|0x00000000e8d00000, 0x00000000e8e00000, 0x00000000e8e00000|100%| E|CS|TAMS 0x00000000e8d00000, 0x00000000e8d00000| Complete 
| 142|0x00000000e8e00000, 0x00000000e8f00000, 0x00000000e8f00000|100%| E|CS|TAMS 0x00000000e8e00000, 0x00000000e8e00000| Complete 
| 143|0x00000000e8f00000, 0x00000000e9000000, 0x00000000e9000000|100%| E|CS|TAMS 0x00000000e8f00000, 0x00000000e8f00000| Complete 
| 144|0x00000000e9000000, 0x00000000e9100000, 0x00000000e9100000|100%| E|CS|TAMS 0x00000000e9000000, 0x00000000e9000000| Complete 
| 145|0x00000000e9100000, 0x00000000e9200000, 0x00000000e9200000|100%| E|CS|TAMS 0x00000000e9100000, 0x00000000e9100000| Complete 
| 146|0x00000000e9200000, 0x00000000e9300000, 0x00000000e9300000|100%| E|CS|TAMS 0x00000000e9200000, 0x00000000e9200000| Complete 
| 147|0x00000000e9300000, 0x00000000e9400000, 0x00000000e9400000|100%| E|CS|TAMS 0x00000000e9300000, 0x00000000e9300000| Complete 
| 148|0x00000000e9400000, 0x00000000e9500000, 0x00000000e9500000|100%| E|CS|TAMS 0x00000000e9400000, 0x00000000e9400000| Complete 
| 149|0x00000000e9500000, 0x00000000e9600000, 0x00000000e9600000|100%| E|CS|TAMS 0x00000000e9500000, 0x00000000e9500000| Complete 
| 150|0x00000000e9600000, 0x00000000e9700000, 0x00000000e9700000|100%| E|CS|TAMS 0x00000000e9600000, 0x00000000e9600000| Complete 
| 151|0x00000000e9700000, 0x00000000e9800000, 0x00000000e9800000|100%| E|CS|TAMS 0x00000000e9700000, 0x00000000e9700000| Complete 
| 152|0x00000000e9800000, 0x00000000e9900000, 0x00000000e9900000|100%| E|CS|TAMS 0x00000000e9800000, 0x00000000e9800000| Complete 
| 153|0x00000000e9900000, 0x00000000e9a00000, 0x00000000e9a00000|100%| E|CS|TAMS 0x00000000e9900000, 0x00000000e9900000| Complete 
| 154|0x00000000e9a00000, 0x00000000e9b00000, 0x00000000e9b00000|100%| E|CS|TAMS 0x00000000e9a00000, 0x00000000e9a00000| Complete 
| 155|0x00000000e9b00000, 0x00000000e9c00000, 0x00000000e9c00000|100%| E|CS|TAMS 0x00000000e9b00000, 0x00000000e9b00000| Complete 
| 156|0x00000000e9c00000, 0x00000000e9d00000, 0x00000000e9d00000|100%| E|CS|TAMS 0x00000000e9c00000, 0x00000000e9c00000| Complete 
| 157|0x00000000e9d00000, 0x00000000e9e00000, 0x00000000e9e00000|100%| E|CS|TAMS 0x00000000e9d00000, 0x00000000e9d00000| Complete 
| 158|0x00000000e9e00000, 0x00000000e9f00000, 0x00000000e9f00000|100%| E|CS|TAMS 0x00000000e9e00000, 0x00000000e9e00000| Complete 
| 159|0x00000000e9f00000, 0x00000000ea000000, 0x00000000ea000000|100%| E|CS|TAMS 0x00000000e9f00000, 0x00000000e9f00000| Complete 
| 160|0x00000000ea000000, 0x00000000ea100000, 0x00000000ea100000|100%| E|CS|TAMS 0x00000000ea000000, 0x00000000ea000000| Complete 
| 161|0x00000000ea100000, 0x00000000ea200000, 0x00000000ea200000|100%| E|CS|TAMS 0x00000000ea100000, 0x00000000ea100000| Complete 
| 162|0x00000000ea200000, 0x00000000ea300000, 0x00000000ea300000|100%| E|CS|TAMS 0x00000000ea200000, 0x00000000ea200000| Complete 
| 163|0x00000000ea300000, 0x00000000ea400000, 0x00000000ea400000|100%| E|CS|TAMS 0x00000000ea300000, 0x00000000ea300000| Complete 
| 164|0x00000000ea400000, 0x00000000ea500000, 0x00000000ea500000|100%| E|CS|TAMS 0x00000000ea400000, 0x00000000ea400000| Complete 
| 165|0x00000000ea500000, 0x00000000ea600000, 0x00000000ea600000|100%| E|CS|TAMS 0x00000000ea500000, 0x00000000ea500000| Complete 
| 166|0x00000000ea600000, 0x00000000ea700000, 0x00000000ea700000|100%| E|CS|TAMS 0x00000000ea600000, 0x00000000ea600000| Complete 
| 167|0x00000000ea700000, 0x00000000ea800000, 0x00000000ea800000|100%| E|CS|TAMS 0x00000000ea700000, 0x00000000ea700000| Complete 
| 168|0x00000000ea800000, 0x00000000ea900000, 0x00000000ea900000|100%| E|CS|TAMS 0x00000000ea800000, 0x00000000ea800000| Complete 
| 169|0x00000000ea900000, 0x00000000eaa00000, 0x00000000eaa00000|100%| E|CS|TAMS 0x00000000ea900000, 0x00000000ea900000| Complete 
| 170|0x00000000eaa00000, 0x00000000eab00000, 0x00000000eab00000|100%| E|CS|TAMS 0x00000000eaa00000, 0x00000000eaa00000| Complete 
| 171|0x00000000eab00000, 0x00000000eac00000, 0x00000000eac00000|100%| E|CS|TAMS 0x00000000eab00000, 0x00000000eab00000| Complete 
| 172|0x00000000eac00000, 0x00000000ead00000, 0x00000000ead00000|100%| E|CS|TAMS 0x00000000eac00000, 0x00000000eac00000| Complete 
| 173|0x00000000ead00000, 0x00000000eae00000, 0x00000000eae00000|100%| E|CS|TAMS 0x00000000ead00000, 0x00000000ead00000| Complete 
| 174|0x00000000eae00000, 0x00000000eaf00000, 0x00000000eaf00000|100%| E|CS|TAMS 0x00000000eae00000, 0x00000000eae00000| Complete 
| 175|0x00000000eaf00000, 0x00000000eb000000, 0x00000000eb000000|100%| E|CS|TAMS 0x00000000eaf00000, 0x00000000eaf00000| Complete 
| 176|0x00000000eb000000, 0x00000000eb100000, 0x00000000eb100000|100%| E|CS|TAMS 0x00000000eb000000, 0x00000000eb000000| Complete 
| 177|0x00000000eb100000, 0x00000000eb200000, 0x00000000eb200000|100%| E|CS|TAMS 0x00000000eb100000, 0x00000000eb100000| Complete 
| 178|0x00000000eb200000, 0x00000000eb300000, 0x00000000eb300000|100%| E|CS|TAMS 0x00000000eb200000, 0x00000000eb200000| Complete 
| 179|0x00000000eb300000, 0x00000000eb400000, 0x00000000eb400000|100%| E|CS|TAMS 0x00000000eb300000, 0x00000000eb300000| Complete 
| 180|0x00000000eb400000, 0x00000000eb500000, 0x00000000eb500000|100%| E|CS|TAMS 0x00000000eb400000, 0x00000000eb400000| Complete 
| 181|0x00000000eb500000, 0x00000000eb600000, 0x00000000eb600000|100%| E|CS|TAMS 0x00000000eb500000, 0x00000000eb500000| Complete 
| 182|0x00000000eb600000, 0x00000000eb700000, 0x00000000eb700000|100%| E|CS|TAMS 0x00000000eb600000, 0x00000000eb600000| Complete 
| 183|0x00000000eb700000, 0x00000000eb800000, 0x00000000eb800000|100%| E|CS|TAMS 0x00000000eb700000, 0x00000000eb700000| Complete 
| 184|0x00000000eb800000, 0x00000000eb900000, 0x00000000eb900000|100%| E|CS|TAMS 0x00000000eb800000, 0x00000000eb800000| Complete 
| 185|0x00000000eb900000, 0x00000000eba00000, 0x00000000eba00000|100%| E|CS|TAMS 0x00000000eb900000, 0x00000000eb900000| Complete 
| 186|0x00000000eba00000, 0x00000000ebb00000, 0x00000000ebb00000|100%| E|CS|TAMS 0x00000000eba00000, 0x00000000eba00000| Complete 
| 187|0x00000000ebb00000, 0x00000000ebc00000, 0x00000000ebc00000|100%| E|CS|TAMS 0x00000000ebb00000, 0x00000000ebb00000| Complete 
| 188|0x00000000ebc00000, 0x00000000ebd00000, 0x00000000ebd00000|100%| E|CS|TAMS 0x00000000ebc00000, 0x00000000ebc00000| Complete 
| 189|0x00000000ebd00000, 0x00000000ebe00000, 0x00000000ebe00000|100%| E|CS|TAMS 0x00000000ebd00000, 0x00000000ebd00000| Complete 
| 190|0x00000000ebe00000, 0x00000000ebf00000, 0x00000000ebf00000|100%| E|CS|TAMS 0x00000000ebe00000, 0x00000000ebe00000| Complete 
| 191|0x00000000ebf00000, 0x00000000ec000000, 0x00000000ec000000|100%| E|CS|TAMS 0x00000000ebf00000, 0x00000000ebf00000| Complete 
| 192|0x00000000ec000000, 0x00000000ec100000, 0x00000000ec100000|100%| E|CS|TAMS 0x00000000ec000000, 0x00000000ec000000| Complete 
| 193|0x00000000ec100000, 0x00000000ec200000, 0x00000000ec200000|100%| E|CS|TAMS 0x00000000ec100000, 0x00000000ec100000| Complete 
| 194|0x00000000ec200000, 0x00000000ec300000, 0x00000000ec300000|100%| E|CS|TAMS 0x00000000ec200000, 0x00000000ec200000| Complete 
| 195|0x00000000ec300000, 0x00000000ec400000, 0x00000000ec400000|100%| E|CS|TAMS 0x00000000ec300000, 0x00000000ec300000| Complete 
| 196|0x00000000ec400000, 0x00000000ec500000, 0x00000000ec500000|100%| E|CS|TAMS 0x00000000ec400000, 0x00000000ec400000| Complete 
| 197|0x00000000ec500000, 0x00000000ec600000, 0x00000000ec600000|100%| E|CS|TAMS 0x00000000ec500000, 0x00000000ec500000| Complete 
| 198|0x00000000ec600000, 0x00000000ec700000, 0x00000000ec700000|100%| E|CS|TAMS 0x00000000ec600000, 0x00000000ec600000| Complete 
| 199|0x00000000ec700000, 0x00000000ec800000, 0x00000000ec800000|100%| E|CS|TAMS 0x00000000ec700000, 0x00000000ec700000| Complete 
| 200|0x00000000ec800000, 0x00000000ec900000, 0x00000000ec900000|100%| E|CS|TAMS 0x00000000ec800000, 0x00000000ec800000| Complete 
| 201|0x00000000ec900000, 0x00000000eca00000, 0x00000000eca00000|100%| E|CS|TAMS 0x00000000ec900000, 0x00000000ec900000| Complete 
| 202|0x00000000eca00000, 0x00000000ecb00000, 0x00000000ecb00000|100%| E|CS|TAMS 0x00000000eca00000, 0x00000000eca00000| Complete 
| 203|0x00000000ecb00000, 0x00000000ecc00000, 0x00000000ecc00000|100%| E|CS|TAMS 0x00000000ecb00000, 0x00000000ecb00000| Complete 
| 204|0x00000000ecc00000, 0x00000000ecd00000, 0x00000000ecd00000|100%| E|CS|TAMS 0x00000000ecc00000, 0x00000000ecc00000| Complete 
| 205|0x00000000ecd00000, 0x00000000ece00000, 0x00000000ece00000|100%| E|CS|TAMS 0x00000000ecd00000, 0x00000000ecd00000| Complete 
| 206|0x00000000ece00000, 0x00000000ecf00000, 0x00000000ecf00000|100%| E|CS|TAMS 0x00000000ece00000, 0x00000000ece00000| Complete 
| 207|0x00000000ecf00000, 0x00000000ed000000, 0x00000000ed000000|100%| E|CS|TAMS 0x00000000ecf00000, 0x00000000ecf00000| Complete 
| 208|0x00000000ed000000, 0x00000000ed100000, 0x00000000ed100000|100%| E|CS|TAMS 0x00000000ed000000, 0x00000000ed000000| Complete 
| 209|0x00000000ed100000, 0x00000000ed200000, 0x00000000ed200000|100%| E|CS|TAMS 0x00000000ed100000, 0x00000000ed100000| Complete 
| 210|0x00000000ed200000, 0x00000000ed300000, 0x00000000ed300000|100%| E|CS|TAMS 0x00000000ed200000, 0x00000000ed200000| Complete 
| 211|0x00000000ed300000, 0x00000000ed400000, 0x00000000ed400000|100%| E|CS|TAMS 0x00000000ed300000, 0x00000000ed300000| Complete 
| 212|0x00000000ed400000, 0x00000000ed500000, 0x00000000ed500000|100%| E|CS|TAMS 0x00000000ed400000, 0x00000000ed400000| Complete 
| 213|0x00000000ed500000, 0x00000000ed600000, 0x00000000ed600000|100%| E|CS|TAMS 0x00000000ed500000, 0x00000000ed500000| Complete 
| 214|0x00000000ed600000, 0x00000000ed700000, 0x00000000ed700000|100%| E|CS|TAMS 0x00000000ed600000, 0x00000000ed600000| Complete 
| 215|0x00000000ed700000, 0x00000000ed800000, 0x00000000ed800000|100%| E|CS|TAMS 0x00000000ed700000, 0x00000000ed700000| Complete 
| 216|0x00000000ed800000, 0x00000000ed900000, 0x00000000ed900000|100%| E|CS|TAMS 0x00000000ed800000, 0x00000000ed800000| Complete 
| 217|0x00000000ed900000, 0x00000000eda00000, 0x00000000eda00000|100%| E|CS|TAMS 0x00000000ed900000, 0x00000000ed900000| Complete 
| 218|0x00000000eda00000, 0x00000000edb00000, 0x00000000edb00000|100%| E|CS|TAMS 0x00000000eda00000, 0x00000000eda00000| Complete 
| 219|0x00000000edb00000, 0x00000000edc00000, 0x00000000edc00000|100%| E|CS|TAMS 0x00000000edb00000, 0x00000000edb00000| Complete 
| 220|0x00000000edc00000, 0x00000000edd00000, 0x00000000edd00000|100%| E|CS|TAMS 0x00000000edc00000, 0x00000000edc00000| Complete 
| 221|0x00000000edd00000, 0x00000000ede00000, 0x00000000ede00000|100%| E|CS|TAMS 0x00000000edd00000, 0x00000000edd00000| Complete 
| 222|0x00000000ede00000, 0x00000000edf00000, 0x00000000edf00000|100%| E|CS|TAMS 0x00000000ede00000, 0x00000000ede00000| Complete 
| 223|0x00000000edf00000, 0x00000000ee000000, 0x00000000ee000000|100%| E|CS|TAMS 0x00000000edf00000, 0x00000000edf00000| Complete 
| 224|0x00000000ee000000, 0x00000000ee100000, 0x00000000ee100000|100%| E|CS|TAMS 0x00000000ee000000, 0x00000000ee000000| Complete 
| 225|0x00000000ee100000, 0x00000000ee200000, 0x00000000ee200000|100%| E|CS|TAMS 0x00000000ee100000, 0x00000000ee100000| Complete 
| 226|0x00000000ee200000, 0x00000000ee300000, 0x00000000ee300000|100%| E|CS|TAMS 0x00000000ee200000, 0x00000000ee200000| Complete 
| 227|0x00000000ee300000, 0x00000000ee400000, 0x00000000ee400000|100%| E|CS|TAMS 0x00000000ee300000, 0x00000000ee300000| Complete 
| 228|0x00000000ee400000, 0x00000000ee500000, 0x00000000ee500000|100%| E|CS|TAMS 0x00000000ee400000, 0x00000000ee400000| Complete 
| 229|0x00000000ee500000, 0x00000000ee600000, 0x00000000ee600000|100%| E|CS|TAMS 0x00000000ee500000, 0x00000000ee500000| Complete 
| 230|0x00000000ee600000, 0x00000000ee700000, 0x00000000ee700000|100%| E|CS|TAMS 0x00000000ee600000, 0x00000000ee600000| Complete 
| 231|0x00000000ee700000, 0x00000000ee800000, 0x00000000ee800000|100%| E|CS|TAMS 0x00000000ee700000, 0x00000000ee700000| Complete 
| 232|0x00000000ee800000, 0x00000000ee900000, 0x00000000ee900000|100%| E|CS|TAMS 0x00000000ee800000, 0x00000000ee800000| Complete 
| 233|0x00000000ee900000, 0x00000000eea00000, 0x00000000eea00000|100%| E|CS|TAMS 0x00000000ee900000, 0x00000000ee900000| Complete 
| 234|0x00000000eea00000, 0x00000000eeb00000, 0x00000000eeb00000|100%| E|CS|TAMS 0x00000000eea00000, 0x00000000eea00000| Complete 
| 235|0x00000000eeb00000, 0x00000000eec00000, 0x00000000eec00000|100%| E|CS|TAMS 0x00000000eeb00000, 0x00000000eeb00000| Complete 
| 236|0x00000000eec00000, 0x00000000eed00000, 0x00000000eed00000|100%| E|CS|TAMS 0x00000000eec00000, 0x00000000eec00000| Complete 
| 237|0x00000000eed00000, 0x00000000eee00000, 0x00000000eee00000|100%| E|CS|TAMS 0x00000000eed00000, 0x00000000eed00000| Complete 
| 238|0x00000000eee00000, 0x00000000eef00000, 0x00000000eef00000|100%| E|CS|TAMS 0x00000000eee00000, 0x00000000eee00000| Complete 
| 239|0x00000000eef00000, 0x00000000ef000000, 0x00000000ef000000|100%| E|CS|TAMS 0x00000000eef00000, 0x00000000eef00000| Complete 
| 240|0x00000000ef000000, 0x00000000ef100000, 0x00000000ef100000|100%| E|CS|TAMS 0x00000000ef000000, 0x00000000ef000000| Complete 
| 241|0x00000000ef100000, 0x00000000ef200000, 0x00000000ef200000|100%| E|CS|TAMS 0x00000000ef100000, 0x00000000ef100000| Complete 
| 242|0x00000000ef200000, 0x00000000ef300000, 0x00000000ef300000|100%| E|CS|TAMS 0x00000000ef200000, 0x00000000ef200000| Complete 
| 243|0x00000000ef300000, 0x00000000ef400000, 0x00000000ef400000|100%| E|CS|TAMS 0x00000000ef300000, 0x00000000ef300000| Complete 
| 244|0x00000000ef400000, 0x00000000ef500000, 0x00000000ef500000|100%| E|CS|TAMS 0x00000000ef400000, 0x00000000ef400000| Complete 
| 245|0x00000000ef500000, 0x00000000ef600000, 0x00000000ef600000|100%| E|CS|TAMS 0x00000000ef500000, 0x00000000ef500000| Complete 
| 246|0x00000000ef600000, 0x00000000ef700000, 0x00000000ef700000|100%| E|CS|TAMS 0x00000000ef600000, 0x00000000ef600000| Complete 
| 247|0x00000000ef700000, 0x00000000ef800000, 0x00000000ef800000|100%| E|CS|TAMS 0x00000000ef700000, 0x00000000ef700000| Complete 
| 248|0x00000000ef800000, 0x00000000ef900000, 0x00000000ef900000|100%| E|CS|TAMS 0x00000000ef800000, 0x00000000ef800000| Complete 
| 249|0x00000000ef900000, 0x00000000efa00000, 0x00000000efa00000|100%| E|CS|TAMS 0x00000000ef900000, 0x00000000ef900000| Complete 
| 250|0x00000000efa00000, 0x00000000efb00000, 0x00000000efb00000|100%| E|CS|TAMS 0x00000000efa00000, 0x00000000efa00000| Complete 
| 251|0x00000000efb00000, 0x00000000efc00000, 0x00000000efc00000|100%| E|CS|TAMS 0x00000000efb00000, 0x00000000efb00000| Complete 
| 252|0x00000000efc00000, 0x00000000efd00000, 0x00000000efd00000|100%| E|CS|TAMS 0x00000000efc00000, 0x00000000efc00000| Complete 
| 253|0x00000000efd00000, 0x00000000efe00000, 0x00000000efe00000|100%| E|CS|TAMS 0x00000000efd00000, 0x00000000efd00000| Complete 
| 254|0x00000000efe00000, 0x00000000eff00000, 0x00000000eff00000|100%| E|CS|TAMS 0x00000000efe00000, 0x00000000efe00000| Complete 
| 255|0x00000000eff00000, 0x00000000f0000000, 0x00000000f0000000|100%| E|CS|TAMS 0x00000000eff00000, 0x00000000eff00000| Complete 

Card table byte_map: [0x0000014156a40000,0x0000014156b40000] _byte_map_base: 0x0000014156340000

Marking Bits (Prev, Next): (CMBitMap*) 0x000001413d8d40a0, (CMBitMap*) 0x000001413d8d4060
 Prev Bits: [0x0000014157440000, 0x0000014157c40000)
 Next Bits: [0x0000014156c40000, 0x0000014157440000)

Polling page: 0x000001413d970000

Metaspace:

Usage:
  Non-class:     56.35 MB used.
      Class:      8.98 MB used.
       Both:     65.33 MB used.

Virtual space:
  Non-class space:       64.00 MB reserved,      56.69 MB ( 89%) committed,  1 nodes.
      Class space:      320.00 MB reserved,       9.25 MB (  3%) committed,  1 nodes.
             Both:      384.00 MB reserved,      65.94 MB ( 17%) committed. 

Chunk freelists:
   Non-Class:  7.14 MB
       Class:  6.59 MB
        Both:  13.73 MB

MaxMetaspaceSize: 384.00 MB
CompressedClassSpaceSize: 320.00 MB
Initial GC threshold: 21.00 MB
Current GC threshold: 98.06 MB
CDS: on
MetaspaceReclaimPolicy: balanced
 - commit_granule_bytes: 65536.
 - commit_granule_words: 8192.
 - virtual_space_node_default_size: 8388608.
 - enlarge_chunks_in_place: 1.
 - new_chunks_are_fully_committed: 0.
 - uncommit_free_chunks: 1.
 - use_allocation_guard: 0.
 - handle_deallocations: 1.


Internal statistics:

num_allocs_failed_limit: 9.
num_arena_births: 796.
num_arena_deaths: 0.
num_vsnodes_births: 2.
num_vsnodes_deaths: 0.
num_space_committed: 1055.
num_space_uncommitted: 0.
num_chunks_returned_to_freelist: 9.
num_chunks_taken_from_freelist: 3518.
num_chunk_merges: 9.
num_chunk_splits: 2195.
num_chunks_enlarged: 1378.
num_inconsistent_stats: 0.

CodeHeap 'non-profiled nmethods': size=119168Kb used=6875Kb max_used=6875Kb free=112292Kb
 bounds [0x000001414e520000, 0x000001414ebe0000, 0x0000014155980000]
CodeHeap 'profiled nmethods': size=119104Kb used=21248Kb max_used=21248Kb free=97855Kb
 bounds [0x0000014146980000, 0x0000014147e50000, 0x000001414ddd0000]
CodeHeap 'non-nmethods': size=7488Kb used=2399Kb max_used=4150Kb free=5088Kb
 bounds [0x000001414ddd0000, 0x000001414e1e0000, 0x000001414e520000]
 total_blobs=11835 nmethods=10923 adapters=824
 compilation: enabled
              stopped_count=0, restarted_count=0
 full_count=0

Compilation events (20 events):
Event: 37674.942 Thread 0x0000014179933200 12419       4       java.util.concurrent.ThreadPoolExecutor::ensurePrestart (41 bytes)
Event: 37674.943 Thread 0x0000014179935060 nmethod 12417 0x000001414ebc7e10 code [0x000001414ebc8000, 0x000001414ebc8f90]
Event: 37674.943 Thread 0x0000014179935060 12425       4       java.util.concurrent.ScheduledThreadPoolExecutor$DelayedWorkQueue::take (5 bytes)
Event: 37674.943 Thread 0x0000014179933200 nmethod 12419 0x000001414ebc9710 code [0x000001414ebc9880, 0x000001414ebc9958]
Event: 37674.943 Thread 0x0000014179933200 12427       4       java.util.concurrent.Executors$RunnableAdapter::call (14 bytes)
Event: 37674.943 Thread 0x0000014179933200 nmethod 12427 0x000001414ebcef10 code [0x000001414ebcf0a0, 0x000001414ebcf168]
Event: 37674.943 Thread 0x0000014179933200 12416       4       java.util.concurrent.ScheduledThreadPoolExecutor$DelayedWorkQueue::finishPoll (43 bytes)
Event: 37674.943 Thread 0x00000141799318b0 nmethod 12402 0x000001414ebc9a10 code [0x000001414ebc9dc0, 0x000001414ebccac0]
Event: 37674.944 Thread 0x00000141799318b0 12428       4       java.util.concurrent.ScheduledThreadPoolExecutor$ScheduledFutureTask::setNextRunTime (38 bytes)
Event: 37674.945 Thread 0x00000141799318b0 nmethod 12428 0x000001414ebcf290 code [0x000001414ebcf400, 0x000001414ebcf4b8]
Event: 37674.945 Thread 0x00000141799318b0 12430       4       java.util.concurrent.ScheduledThreadPoolExecutor$ScheduledFutureTask::run (57 bytes)
Event: 37674.945 Thread 0x0000014179933200 nmethod 12416 0x000001414ebcf590 code [0x000001414ebcf720, 0x000001414ebcf898]
Event: 37674.945 Thread 0x0000014179933200 12431   !   4       java.util.concurrent.FutureTask::runAndReset (125 bytes)
Event: 37674.947 Thread 0x00000141772875b0 nmethod 12399 0x000001414ebcfa10 code [0x000001414ebcfe00, 0x000001414ebd2e60]
Event: 37674.948 Thread 0x0000014179933200 nmethod 12431 0x000001414ebd5390 code [0x000001414ebd5540, 0x000001414ebd58a8]
Event: 37674.948 Thread 0x0000014179933200 12436   !   4       org.gradle.launcher.daemon.server.health.gc.DefaultSlidingWindow::slideAndInsert (50 bytes)
Event: 37674.949 Thread 0x00000141772875b0 12429       4       java.util.concurrent.ScheduledThreadPoolExecutor::reExecutePeriodic (49 bytes)
Event: 37674.950 Thread 0x00000141799318b0 nmethod 12430 0x000001414ebd5b90 code [0x000001414ebd5d80, 0x000001414ebd62d0]
Event: 37674.950 Thread 0x00000141799318b0 12420       4       java.util.stream.ReferencePipeline$7::opWrapSink (10 bytes)
Event: 37674.952 Thread 0x00000141772875b0 nmethod 12429 0x000001414ebd6910 code [0x000001414ebd6aa0, 0x000001414ebd6c48]

GC Heap History (19 events):
Event: 0.243 GC heap before
{Heap before GC invocations=0 (full 0):
 garbage-first heap   total 262144K, used 23552K [0x00000000e0000000, 0x0000000100000000)
  region size 1024K, 23 young (23552K), 0 survivors (0K)
 Metaspace       used 895K, committed 1024K, reserved 393216K
  class space    used 66K, committed 128K, reserved 327680K
}
Event: 0.245 GC heap after
{Heap after GC invocations=1 (full 0):
 garbage-first heap   total 262144K, used 1855K [0x00000000e0000000, 0x0000000100000000)
  region size 1024K, 2 young (2048K), 2 survivors (2048K)
 Metaspace       used 895K, committed 1024K, reserved 393216K
  class space    used 66K, committed 128K, reserved 327680K
}
Event: 0.601 GC heap before
{Heap before GC invocations=1 (full 0):
 garbage-first heap   total 262144K, used 38719K [0x00000000e0000000, 0x0000000100000000)
  region size 1024K, 36 young (36864K), 2 survivors (2048K)
 Metaspace       used 4454K, committed 4608K, reserved 393216K
  class space    used 551K, committed 640K, reserved 327680K
}
Event: 0.603 GC heap after
{Heap after GC invocations=2 (full 0):
 garbage-first heap   total 262144K, used 11018K [0x00000000e0000000, 0x0000000100000000)
  region size 1024K, 5 young (5120K), 5 survivors (5120K)
 Metaspace       used 4454K, committed 4608K, reserved 393216K
  class space    used 551K, committed 640K, reserved 327680K
}
Event: 1.086 GC heap before
{Heap before GC invocations=2 (full 0):
 garbage-first heap   total 262144K, used 75530K [0x00000000e0000000, 0x0000000100000000)
  region size 1024K, 66 young (67584K), 5 survivors (5120K)
 Metaspace       used 6850K, committed 7104K, reserved 393216K
  class space    used 907K, committed 1024K, reserved 327680K
}
Event: 1.088 GC heap after
{Heap after GC invocations=3 (full 0):
 garbage-first heap   total 262144K, used 17716K [0x00000000e0000000, 0x0000000100000000)
  region size 1024K, 9 young (9216K), 9 survivors (9216K)
 Metaspace       used 6850K, committed 7104K, reserved 393216K
  class space    used 907K, committed 1024K, reserved 327680K
}
Event: 2.185 GC heap before
{Heap before GC invocations=3 (full 0):
 garbage-first heap   total 262144K, used 114996K [0x00000000e0000000, 0x0000000100000000)
  region size 1024K, 105 young (107520K), 9 survivors (9216K)
 Metaspace       used 21161K, committed 21504K, reserved 393216K
  class space    used 3048K, committed 3200K, reserved 327680K
}
Event: 2.190 GC heap after
{Heap after GC invocations=4 (full 0):
 garbage-first heap   total 262144K, used 23860K [0x00000000e0000000, 0x0000000100000000)
  region size 1024K, 15 young (15360K), 15 survivors (15360K)
 Metaspace       used 21161K, committed 21504K, reserved 393216K
  class space    used 3048K, committed 3200K, reserved 327680K
}
Event: 3.137 GC heap before
{Heap before GC invocations=5 (full 0):
 garbage-first heap   total 262144K, used 141620K [0x00000000e0000000, 0x0000000100000000)
  region size 1024K, 132 young (135168K), 15 survivors (15360K)
 Metaspace       used 35598K, committed 35968K, reserved 393216K
  class space    used 5019K, committed 5184K, reserved 327680K
}
Event: 3.142 GC heap after
{Heap after GC invocations=6 (full 0):
 garbage-first heap   total 262144K, used 33046K [0x00000000e0000000, 0x0000000100000000)
  region size 1024K, 15 young (15360K), 15 survivors (15360K)
 Metaspace       used 35598K, committed 35968K, reserved 393216K
  class space    used 5019K, committed 5184K, reserved 327680K
}
Event: 4.809 GC heap before
{Heap before GC invocations=7 (full 0):
 garbage-first heap   total 262144K, used 181526K [0x00000000e0000000, 0x0000000100000000)
  region size 1024K, 153 young (156672K), 15 survivors (15360K)
 Metaspace       used 53661K, committed 54208K, reserved 393216K
  class space    used 7453K, committed 7680K, reserved 327680K
}
Event: 4.815 GC heap after
{Heap after GC invocations=8 (full 0):
 garbage-first heap   total 262144K, used 40342K [0x00000000e0000000, 0x0000000100000000)
  region size 1024K, 16 young (16384K), 16 survivors (16384K)
 Metaspace       used 53661K, committed 54208K, reserved 393216K
  class space    used 7453K, committed 7680K, reserved 327680K
}
Event: 5.816 GC heap before
{Heap before GC invocations=8 (full 0):
 garbage-first heap   total 262144K, used 126358K [0x00000000e0000000, 0x0000000100000000)
  region size 1024K, 101 young (103424K), 16 survivors (16384K)
 Metaspace       used 59551K, committed 60096K, reserved 393216K
  class space    used 8298K, committed 8576K, reserved 327680K
}
Event: 5.822 GC heap after
{Heap after GC invocations=9 (full 0):
 garbage-first heap   total 262144K, used 48332K [0x00000000e0000000, 0x0000000100000000)
  region size 1024K, 16 young (16384K), 16 survivors (16384K)
 Metaspace       used 59551K, committed 60096K, reserved 393216K
  class space    used 8298K, committed 8576K, reserved 327680K
}
Event: 6.920 GC heap before
{Heap before GC invocations=10 (full 0):
 garbage-first heap   total 262144K, used 188620K [0x00000000e0000000, 0x0000000100000000)
  region size 1024K, 153 young (156672K), 16 survivors (16384K)
 Metaspace       used 63419K, committed 64000K, reserved 393216K
  class space    used 8713K, committed 8960K, reserved 327680K
}
Event: 6.925 GC heap after
{Heap after GC invocations=11 (full 0):
 garbage-first heap   total 262144K, used 54608K [0x00000000e0000000, 0x0000000100000000)
  region size 1024K, 15 young (15360K), 15 survivors (15360K)
 Metaspace       used 63419K, committed 64000K, reserved 393216K
  class space    used 8713K, committed 8960K, reserved 327680K
}
Event: 10.997 GC heap before
{Heap before GC invocations=11 (full 0):
 garbage-first heap   total 262144K, used 194896K [0x00000000e0000000, 0x0000000100000000)
  region size 1024K, 153 young (156672K), 15 survivors (15360K)
 Metaspace       used 66505K, committed 67136K, reserved 393216K
  class space    used 9181K, committed 9472K, reserved 327680K
}
Event: 11.004 GC heap after
{Heap after GC invocations=12 (full 0):
 garbage-first heap   total 262144K, used 68441K [0x00000000e0000000, 0x0000000100000000)
  region size 1024K, 20 young (20480K), 20 survivors (20480K)
 Metaspace       used 66505K, committed 67136K, reserved 393216K
  class space    used 9181K, committed 9472K, reserved 327680K
}
Event: 37674.952 GC heap before
{Heap before GC invocations=12 (full 0):
 garbage-first heap   total 262144K, used 209753K [0x00000000e0000000, 0x0000000100000000)
  region size 1024K, 153 young (156672K), 20 survivors (20480K)
 Metaspace       used 66899K, committed 67520K, reserved 393216K
  class space    used 9200K, committed 9472K, reserved 327680K
}

Deoptimization events (20 events):
Event: 11.086 Thread 0x0000014179310110 DEOPT PACKING pc=0x0000014146c47b01 sp=0x0000003e0cdf9970
Event: 11.086 Thread 0x0000014179310110 DEOPT UNPACKING pc=0x000001414de266e3 sp=0x0000003e0cdf8ef0 mode 0
Event: 11.091 Thread 0x0000014179310110 DEOPT PACKING pc=0x0000014146c47b01 sp=0x0000003e0cdf9970
Event: 11.091 Thread 0x0000014179310110 DEOPT UNPACKING pc=0x000001414de266e3 sp=0x0000003e0cdf8ef0 mode 0
Event: 11.100 Thread 0x0000014179310110 DEOPT PACKING pc=0x0000014146c47b01 sp=0x0000003e0cdf9970
Event: 11.100 Thread 0x0000014179310110 DEOPT UNPACKING pc=0x000001414de266e3 sp=0x0000003e0cdf8ef0 mode 0
Event: 11.105 Thread 0x0000014179310110 DEOPT PACKING pc=0x0000014146e1cadf sp=0x0000003e0cdf9a40
Event: 11.105 Thread 0x0000014179310110 DEOPT UNPACKING pc=0x000001414de266e3 sp=0x0000003e0cdf8fd0 mode 0
Event: 15.497 Thread 0x0000014177170810 Uncommon trap: trap_request=0xffffff45 fr.pc=0x000001414e53c8e8 relative=0x00000000000002c8
Event: 15.497 Thread 0x0000014177170810 Uncommon trap: reason=unstable_if action=reinterpret pc=0x000001414e53c8e8 method=java.lang.String.getChars(II[CI)V @ 23 c2
Event: 15.498 Thread 0x0000014177170810 DEOPT PACKING pc=0x000001414e53c8e8 sp=0x0000003e101fde60
Event: 15.498 Thread 0x0000014177170810 DEOPT UNPACKING pc=0x000001414de25ba3 sp=0x0000003e101fddf8 mode 2
Event: 15.498 Thread 0x0000014177170810 Uncommon trap: trap_request=0xffffff45 fr.pc=0x000001414e616070 relative=0x0000000000000370
Event: 15.498 Thread 0x0000014177170810 Uncommon trap: reason=unstable_if action=reinterpret pc=0x000001414e616070 method=java.lang.StringCoding.implEncodeAsciiArray([CI[BII)I @ 23 c2
Event: 15.498 Thread 0x0000014177170810 DEOPT PACKING pc=0x000001414e616070 sp=0x0000003e101fda70
Event: 15.498 Thread 0x0000014177170810 DEOPT UNPACKING pc=0x000001414de25ba3 sp=0x0000003e101fd9f0 mode 2
Event: 15.509 Thread 0x000001417680f890 Uncommon trap: trap_request=0xffffff45 fr.pc=0x000001414eb3b620 relative=0x0000000000000260
Event: 15.509 Thread 0x000001417680f890 Uncommon trap: reason=unstable_if action=reinterpret pc=0x000001414eb3b620 method=com.esotericsoftware.kryo.io.Output.writeString(Ljava/lang/CharSequence;)V @ 83 c2
Event: 15.509 Thread 0x000001417680f890 DEOPT PACKING pc=0x000001414eb3b620 sp=0x0000003e003feb40
Event: 15.509 Thread 0x000001417680f890 DEOPT UNPACKING pc=0x000001414de25ba3 sp=0x0000003e003fea78 mode 2

Classes unloaded (0 events):
No events

Classes redefined (0 events):
No events

Internal exceptions (20 events):
Event: 7.443 Thread 0x0000014179310110 Exception <a 'java/lang/NoSuchMethodError'{0x00000000e9e491b0}: static Lorg/gradle/api/internal/tasks/compile/MinimalJavaCompileOptions;.<clinit>()V> (0x00000000e9e491b0) 
thrown [s\open\src\hotspot\share\prims\jni.cpp, line 1112]
Event: 7.445 Thread 0x0000014179310110 Exception <a 'java/lang/NoSuchMethodError'{0x00000000e9eb9560}: static Lorg/gradle/api/internal/tasks/compile/MinimalJavaCompilerDaemonForkOptions;.<clinit>()V> (0x00000000e9eb9560) 
thrown [s\open\src\hotspot\share\prims\jni.cpp, line 1112]
Event: 7.445 Thread 0x0000014179310110 Exception <a 'java/lang/NoSuchMethodError'{0x00000000e9ebba78}: static Lorg/gradle/api/internal/tasks/compile/MinimalCompilerDaemonForkOptions;.<clinit>()V> (0x00000000e9ebba78) 
thrown [s\open\src\hotspot\share\prims\jni.cpp, line 1112]
Event: 7.446 Thread 0x0000014179310110 Exception <a 'java/lang/NoSuchMethodError'{0x00000000e9ee0330}: static Lorg/gradle/api/internal/tasks/compile/processing/AnnotationProcessorDeclaration;.<clinit>()V> (0x00000000e9ee0330) 
thrown [s\open\src\hotspot\share\prims\jni.cpp, line 1112]
Event: 7.470 Thread 0x0000014179310110 Exception <a 'java/lang/NoSuchMethodError'{0x00000000e9a81cd0}: static Lorg/gradle/process/internal/worker/request/WorkerAction;.<clinit>()V> (0x00000000e9a81cd0) 
thrown [s\open\src\hotspot\share\prims\jni.cpp, line 1112]
Event: 10.479 Thread 0x00000141771711b0 Exception <a 'java/lang/NoSuchMethodError'{0x00000000e98c6d50}: 'void java.lang.invoke.DirectMethodHandle$Holder.invokeSpecial(java.lang.Object, java.lang.Object, java.lang.Object, int)'> (0x00000000e98c6d50) 
thrown [s\open\src\hotspot\share\interpreter\linkResolver.cpp, line 759]
Event: 10.482 Thread 0x00000141771711b0 Exception <a 'java/lang/NoSuchMethodError'{0x00000000e98f7c90}: static Ljava/lang/Object;.<clinit>()V> (0x00000000e98f7c90) 
thrown [s\open\src\hotspot\share\prims\jni.cpp, line 1112]
Event: 10.482 Thread 0x00000141771711b0 Exception <a 'java/lang/NoSuchMethodError'{0x00000000e9713400}: static Lorg/gradle/api/internal/tasks/compile/ApiCompilerResult;.<clinit>()V> (0x00000000e9713400) 
thrown [s\open\src\hotspot\share\prims\jni.cpp, line 1112]
Event: 10.483 Thread 0x00000141771711b0 Exception <a 'java/lang/NoSuchMethodError'{0x00000000e972c150}: static Lorg/gradle/api/internal/tasks/compile/incremental/processing/AnnotationProcessingResult;.<clinit>()V> (0x00000000e972c150) 
thrown [s\open\src\hotspot\share\prims\jni.cpp, line 1112]
Event: 10.485 Thread 0x00000141771711b0 Exception <a 'java/lang/NoSuchMethodError'{0x00000000e9757dc8}: static Lorg/gradle/api/internal/tasks/compile/incremental/processing/AnnotationProcessorResult;.<clinit>()V> (0x00000000e9757dc8) 
thrown [s\open\src\hotspot\share\prims\jni.cpp, line 1112]
Event: 10.487 Thread 0x00000141771711b0 Exception <a 'java/lang/NoSuchMethodError'{0x00000000e978ba20}: static Lorg/gradle/api/internal/tasks/compile/incremental/compilerapi/constants/ConstantsAnalysisResult;.<clinit>()V> (0x00000000e978ba20) 
thrown [s\open\src\hotspot\share\prims\jni.cpp, line 1112]
Event: 10.487 Thread 0x00000141771711b0 Exception <a 'java/lang/NoSuchMethodError'{0x00000000e9799b98}: static Lorg/gradle/api/internal/tasks/compile/incremental/compilerapi/constants/ConstantToDependentsMappingBuilder;.<clinit>()V> (0x00000000e9799b98) 
thrown [s\open\src\hotspot\share\prims\jni.cpp, line 1112]
Event: 10.542 Thread 0x0000014179310110 Implicit null exception at 0x000001414e8a3edc to 0x000001414e8a3f65
Event: 10.987 Thread 0x0000014179310110 Exception <a 'java/lang/NoSuchMethodError'{0x00000000e781f068}: 'java.lang.Object java.lang.invoke.Invokers$Holder.invokeExact_MT(java.lang.Object, java.lang.Object, java.lang.Object)'> (0x00000000e781f068) 
thrown [s\open\src\hotspot\share\interpreter\linkResolver.cpp, line 759]
Event: 11.007 Thread 0x0000014179310110 Exception <a 'java/io/FileNotFoundException'{0x00000000eff2f6e0}> (0x00000000eff2f6e0) 
thrown [s\open\src\hotspot\share\prims\jni.cpp, line 516]
Event: 11.007 Thread 0x0000014179310110 Exception <a 'java/io/FileNotFoundException'{0x00000000eff30e18}> (0x00000000eff30e18) 
thrown [s\open\src\hotspot\share\prims\jni.cpp, line 516]
Event: 11.053 Thread 0x0000014179310110 Exception <a 'java/io/FileNotFoundException'{0x00000000ef88ec38}> (0x00000000ef88ec38) 
thrown [s\open\src\hotspot\share\prims\jni.cpp, line 516]
Event: 11.053 Thread 0x0000014179310110 Exception <a 'java/io/FileNotFoundException'{0x00000000ef890698}> (0x00000000ef890698) 
thrown [s\open\src\hotspot\share\prims\jni.cpp, line 516]
Event: 11.081 Thread 0x0000014179310110 Exception <a 'java/io/FileNotFoundException'{0x00000000ef3dfc10}> (0x00000000ef3dfc10) 
thrown [s\open\src\hotspot\share\prims\jni.cpp, line 516]
Event: 11.081 Thread 0x0000014179310110 Exception <a 'java/io/FileNotFoundException'{0x00000000ef3e1918}> (0x00000000ef3e1918) 
thrown [s\open\src\hotspot\share\prims\jni.cpp, line 516]

VM Operations (20 events):
Event: 1263.523 Executing VM operation: Cleanup done
Event: 1273.636 Executing VM operation: Cleanup
Event: 1273.636 Executing VM operation: Cleanup done
Event: 1278.693 Executing VM operation: Cleanup
Event: 1278.693 Executing VM operation: Cleanup done
Event: 1283.744 Executing VM operation: Cleanup
Event: 1283.744 Executing VM operation: Cleanup done
Event: 1288.804 Executing VM operation: Cleanup
Event: 1288.804 Executing VM operation: Cleanup done
Event: 1291.836 Executing VM operation: Cleanup
Event: 1291.836 Executing VM operation: Cleanup done
Event: 1293.861 Executing VM operation: Cleanup
Event: 1293.861 Executing VM operation: Cleanup done
Event: 1309.027 Executing VM operation: Cleanup
Event: 1309.027 Executing VM operation: Cleanup done
Event: 1310.040 Executing VM operation: Cleanup
Event: 1310.040 Executing VM operation: Cleanup done
Event: 1682.475 Executing VM operation: Cleanup
Event: 1682.475 Executing VM operation: Cleanup done
Event: 37674.952 Executing VM operation: G1CollectForAllocation

Events (20 events):
Event: 68.030 Thread 0x000001417716fe70 Thread exited: 0x000001417716fe70
Event: 126.699 Thread 0x0000014178b87410 Thread exited: 0x0000014178b87410
Event: 186.699 Thread 0x0000014178b88280 Thread exited: 0x0000014178b88280
Event: 246.706 Thread 0x0000014178b86f40 Thread exited: 0x0000014178b86f40
Event: 306.715 Thread 0x0000014178b86a70 Thread exited: 0x0000014178b86a70
Event: 366.729 Thread 0x0000014178b85730 Thread exited: 0x0000014178b85730
Event: 426.743 Thread 0x000001417b452800 Thread exited: 0x000001417b452800
Event: 486.752 Thread 0x0000014178b865a0 Thread exited: 0x0000014178b865a0
Event: 546.760 Thread 0x0000014178b84d90 Thread exited: 0x0000014178b84d90
Event: 606.767 Thread 0x0000014178b878e0 Thread exited: 0x0000014178b878e0
Event: 641.487 Thread 0x00000141772875b0 Thread added: 0x00000141772875b0
Event: 648.052 Thread 0x00000141772875b0 Thread exited: 0x00000141772875b0
Event: 666.780 Thread 0x0000014178b860d0 Thread exited: 0x0000014178b860d0
Event: 37674.877 Thread 0x00000141772875b0 Thread added: 0x00000141772875b0
Event: 37674.877 Thread 0x0000014179935060 Thread added: 0x0000014179935060
Event: 37674.890 Thread 0x00000141799318b0 Thread added: 0x00000141799318b0
Event: 37674.891 Thread 0x0000014179934640 Thread added: 0x0000014179934640
Event: 37674.941 Thread 0x0000014179932cf0 Thread added: 0x0000014179932cf0
Event: 37674.941 Thread 0x00000141799327e0 Thread added: 0x00000141799327e0
Event: 37674.942 Thread 0x0000014179933200 Thread added: 0x0000014179933200


Dynamic libraries:
0x00007ff7ddf30000 - 0x00007ff7ddf40000 	C:\Program Files\Java\jdk-17\bin\java.exe
0x00007ff8d6be0000 - 0x00007ff8d6e47000 	C:\WINDOWS\SYSTEM32\ntdll.dll
0x00007ff8d55c0000 - 0x00007ff8d5689000 	C:\WINDOWS\System32\KERNEL32.DLL
0x00007ff8d42b0000 - 0x00007ff8d46a1000 	C:\WINDOWS\System32\KERNELBASE.dll
0x00007ff8d3790000 - 0x00007ff8d38db000 	C:\WINDOWS\System32\ucrtbase.dll
0x00007ff8cef00000 - 0x00007ff8cef1b000 	C:\Program Files\Java\jdk-17\bin\VCRUNTIME140.dll
0x00007ff8cefb0000 - 0x00007ff8cefc9000 	C:\Program Files\Java\jdk-17\bin\jli.dll
0x00007ff8d6540000 - 0x00007ff8d65fb000 	C:\WINDOWS\System32\ADVAPI32.dll
0x00007ff8d4980000 - 0x00007ff8d4a29000 	C:\WINDOWS\System32\msvcrt.dll
0x00007ff8d5510000 - 0x00007ff8d55b7000 	C:\WINDOWS\System32\sechost.dll
0x00007ff8d5f90000 - 0x00007ff8d60a8000 	C:\WINDOWS\System32\RPCRT4.dll
0x00007ff8d6600000 - 0x00007ff8d67c5000 	C:\WINDOWS\System32\USER32.dll
0x00007ff8d4280000 - 0x00007ff8d42a7000 	C:\WINDOWS\System32\win32u.dll
0x00007ff8bc480000 - 0x00007ff8bc713000 	C:\WINDOWS\WinSxS\amd64_microsoft.windows.common-controls_6595b64144ccf1df_6.0.26100.8037_none_3e092faae333b53b\COMCTL32.dll
0x00007ff8d4a30000 - 0x00007ff8d4a5b000 	C:\WINDOWS\System32\GDI32.dll
0x00007ff8d4150000 - 0x00007ff8d427b000 	C:\WINDOWS\System32\gdi32full.dll
0x00007ff8d4820000 - 0x00007ff8d48c3000 	C:\WINDOWS\System32\msvcp_win.dll
0x00007ff8cd410000 - 0x00007ff8cd41b000 	C:\WINDOWS\SYSTEM32\VERSION.dll
0x00007ff8d5190000 - 0x00007ff8d51c1000 	C:\WINDOWS\System32\IMM32.DLL
0x00007ff8ceef0000 - 0x00007ff8ceefc000 	C:\Program Files\Java\jdk-17\bin\vcruntime140_1.dll
0x00007ff8a2710000 - 0x00007ff8a279e000 	C:\Program Files\Java\jdk-17\bin\msvcp140.dll
0x00007fffceb80000 - 0x00007fffcf761000 	C:\Program Files\Java\jdk-17\bin\server\jvm.dll
0x00007ff8d6b10000 - 0x00007ff8d6b18000 	C:\WINDOWS\System32\PSAPI.DLL
0x00007ff8c94d0000 - 0x00007ff8c9505000 	C:\WINDOWS\SYSTEM32\WINMM.dll
0x00007ff8bd480000 - 0x00007ff8bd48a000 	C:\WINDOWS\SYSTEM32\WSOCK32.dll
0x00007ff8d5000000 - 0x00007ff8d5074000 	C:\WINDOWS\System32\WS2_32.dll
0x00007ff8d2250000 - 0x00007ff8d226b000 	C:\WINDOWS\SYSTEM32\kernel.appcore.dll
0x00007ff8ceee0000 - 0x00007ff8ceeea000 	C:\Program Files\Java\jdk-17\bin\jimage.dll
0x00007ff8c7dc0000 - 0x00007ff8c8002000 	C:\WINDOWS\SYSTEM32\DBGHELP.DLL
0x00007ff8d4c00000 - 0x00007ff8d4f82000 	C:\WINDOWS\System32\combase.dll
0x00007ff8d5430000 - 0x00007ff8d5507000 	C:\WINDOWS\System32\OLEAUT32.dll
0x00007ff8baaa0000 - 0x00007ff8baadb000 	C:\WINDOWS\SYSTEM32\dbgcore.DLL
0x00007ff8d48d0000 - 0x00007ff8d4975000 	C:\WINDOWS\System32\bcryptPrimitives.dll
0x00007ff8b5d40000 - 0x00007ff8b5d4e000 	C:\Program Files\Java\jdk-17\bin\instrument.dll
0x00007ff8ceeb0000 - 0x00007ff8ceed5000 	C:\Program Files\Java\jdk-17\bin\java.dll
0x00007ff8a0200000 - 0x00007ff8a02d7000 	C:\Program Files\Java\jdk-17\bin\jsvml.dll
0x00007ff8d5690000 - 0x00007ff8d5def000 	C:\WINDOWS\System32\SHELL32.dll
0x00007ff8d46b0000 - 0x00007ff8d481a000 	C:\WINDOWS\System32\wintypes.dll
0x00007ff8d38e0000 - 0x00007ff8d4144000 	C:\WINDOWS\System32\windows.storage.dll
0x00007ff8d5e80000 - 0x00007ff8d5f77000 	C:\WINDOWS\System32\SHCORE.dll
0x00007ff8d4f90000 - 0x00007ff8d4ff7000 	C:\WINDOWS\System32\shlwapi.dll
0x00007ff8d33e0000 - 0x00007ff8d3409000 	C:\WINDOWS\SYSTEM32\profapi.dll
0x00007ff8b5d50000 - 0x00007ff8b5d68000 	C:\Program Files\Java\jdk-17\bin\zip.dll
0x00007ff8bd1d0000 - 0x00007ff8bd1e9000 	C:\Program Files\Java\jdk-17\bin\net.dll
0x00007ff8cd7f0000 - 0x00007ff8cd917000 	C:\WINDOWS\SYSTEM32\WINHTTP.dll
0x00007ff8d27c0000 - 0x00007ff8d282b000 	C:\WINDOWS\system32\mswsock.dll
0x00007ff8b5f60000 - 0x00007ff8b5f76000 	C:\Program Files\Java\jdk-17\bin\nio.dll
0x00007ff8ceea0000 - 0x00007ff8ceeb0000 	C:\Program Files\Java\jdk-17\bin\verify.dll
0x00007ff8b2480000 - 0x00007ff8b24a7000 	C:\Users\2doky\.gradle\native\1def1411415f61bf3af743bc5b6707747c0891f09f0c88961ee8f79bc544acac\windows-amd64\native-platform.dll
0x00007ff8a0180000 - 0x00007ff8a01f8000 	C:\Users\2doky\.gradle\native\0.2.7\x86_64-windows-gnu\gradle-fileevents.dll
0x00007ff8c9100000 - 0x00007ff8c910a000 	C:\Program Files\Java\jdk-17\bin\management.dll
0x00007ff8b7510000 - 0x00007ff8b751b000 	C:\Program Files\Java\jdk-17\bin\management_ext.dll
0x00007ff8d1b80000 - 0x00007ff8d1bb3000 	C:\WINDOWS\SYSTEM32\IPHLPAPI.DLL
0x00007ff8d51d0000 - 0x00007ff8d51da000 	C:\WINDOWS\System32\NSI.dll
0x00007ff8cd7d0000 - 0x00007ff8cd7ed000 	C:\WINDOWS\SYSTEM32\dhcpcsvc6.DLL
0x00007ff8cd5e0000 - 0x00007ff8cd603000 	C:\WINDOWS\SYSTEM32\dhcpcsvc.DLL
0x00007ff8d1d50000 - 0x00007ff8d1e7a000 	C:\WINDOWS\SYSTEM32\DNSAPI.dll
0x00007ff8d2ab0000 - 0x00007ff8d2acb000 	C:\WINDOWS\SYSTEM32\CRYPTSP.dll
0x00007ff8d21b0000 - 0x00007ff8d21e9000 	C:\WINDOWS\system32\rsaenh.dll
0x00007ff8d2870000 - 0x00007ff8d28a2000 	C:\WINDOWS\SYSTEM32\USERENV.dll
0x00007ff8d33b0000 - 0x00007ff8d33da000 	C:\WINDOWS\SYSTEM32\bcrypt.dll
0x00007ff8d2aa0000 - 0x00007ff8d2aac000 	C:\WINDOWS\SYSTEM32\CRYPTBASE.dll
0x00007ff8b32c0000 - 0x00007ff8b32ce000 	C:\Program Files\Java\jdk-17\bin\sunmscapi.dll
0x00007ff8d3550000 - 0x00007ff8d36c7000 	C:\WINDOWS\System32\CRYPT32.dll
0x00007ff8d2cc0000 - 0x00007ff8d2cf0000 	C:\WINDOWS\SYSTEM32\ncrypt.dll
0x00007ff8d2c70000 - 0x00007ff8d2caf000 	C:\WINDOWS\SYSTEM32\NTASN1.dll
0x00007ff8a6820000 - 0x00007ff8a6828000 	C:\WINDOWS\system32\wshunix.dll
0x00007ff8cd020000 - 0x00007ff8cd02b000 	C:\Windows\System32\rasadhlp.dll
0x00007ff8ccf80000 - 0x00007ff8cd006000 	C:\WINDOWS\System32\fwpuclnt.dll

dbghelp: loaded successfully - version: 4.0.5 - missing functions: none
symbol engine: initialized successfully - sym options: 0x614 - pdb path: .;C:\Program Files\Java\jdk-17\bin;C:\WINDOWS\SYSTEM32;C:\WINDOWS\WinSxS\amd64_microsoft.windows.common-controls_6595b64144ccf1df_6.0.26100.8037_none_3e092faae333b53b;C:\Program Files\Java\jdk-17\bin\server;C:\Users\2doky\.gradle\native\1def1411415f61bf3af743bc5b6707747c0891f09f0c88961ee8f79bc544acac\windows-amd64;C:\Users\2doky\.gradle\native\0.2.7\x86_64-windows-gnu

VM Arguments:
jvm_args: --add-opens=java.base/java.lang=ALL-UNNAMED --add-opens=java.base/java.lang.invoke=ALL-UNNAMED --add-opens=java.base/java.util=ALL-UNNAMED --add-opens=java.prefs/java.util.prefs=ALL-UNNAMED --add-exports=jdk.compiler/com.sun.tools.javac.api=ALL-UNNAMED --add-exports=jdk.compiler/com.sun.tools.javac.util=ALL-UNNAMED --add-opens=java.base/java.util=ALL-UNNAMED --add-opens=java.prefs/java.util.prefs=ALL-UNNAMED --add-opens=java.base/java.nio.charset=ALL-UNNAMED --add-opens=java.base/java.net=ALL-UNNAMED --add-opens=java.base/java.util.concurrent.atomic=ALL-UNNAMED --add-opens=java.xml/javax.xml.namespace=ALL-UNNAMED -XX:MaxMetaspaceSize=384m -XX:+HeapDumpOnOutOfMemoryError -Xms256m -Xmx512m -Dfile.encoding=x-windows-949 -Duser.country=KR -Duser.language=ko -Duser.variant -javaagent:C:\Users\2doky\.gradle\wrapper\dists\gradle-8.14.3-bin\cv11ve7ro1n3o1j4so8xd9n66\gradle-8.14.3\lib\agents\gradle-instrumentation-agent-8.14.3.jar 
java_command: org.gradle.launcher.daemon.bootstrap.GradleDaemon 8.14.3
java_class_path (initial): C:\Users\2doky\.gradle\wrapper\dists\gradle-8.14.3-bin\cv11ve7ro1n3o1j4so8xd9n66\gradle-8.14.3\lib\gradle-daemon-main-8.14.3.jar
Launcher Type: SUN_STANDARD

[Global flags]
     intx CICompilerCount                          = 12                                        {product} {ergonomic}
   size_t CompressedClassSpaceSize                 = 335544320                                 {product} {ergonomic}
     uint ConcGCThreads                            = 3                                         {product} {ergonomic}
     uint G1ConcRefinementThreads                  = 13                                        {product} {ergonomic}
   size_t G1HeapRegionSize                         = 1048576                                   {product} {ergonomic}
    uintx GCDrainStackTargetSize                   = 64                                        {product} {ergonomic}
     bool HeapDumpOnOutOfMemoryError               = true                                   {manageable} {command line}
   size_t InitialHeapSize                          = 268435456                                 {product} {command line}
   size_t MarkStackSize                            = 4194304                                   {product} {ergonomic}
   size_t MaxHeapSize                              = 536870912                                 {product} {command line}
   size_t MaxMetaspaceSize                         = 402653184                                 {product} {command line}
   size_t MaxNewSize                               = 321912832                                 {product} {ergonomic}
   size_t MinHeapDeltaBytes                        = 1048576                                   {product} {ergonomic}
   size_t MinHeapSize                              = 268435456                                 {product} {command line}
    uintx NonNMethodCodeHeapSize                   = 7602480                                {pd product} {ergonomic}
    uintx NonProfiledCodeHeapSize                  = 122027880                              {pd product} {ergonomic}
    uintx ProfiledCodeHeapSize                     = 122027880                              {pd product} {ergonomic}
    uintx ReservedCodeCacheSize                    = 251658240                              {pd product} {ergonomic}
     bool SegmentedCodeCache                       = true                                      {product} {ergonomic}
   size_t SoftMaxHeapSize                          = 536870912                              {manageable} {ergonomic}
     bool UseCompressedClassPointers               = true                           {product lp64_product} {ergonomic}
     bool UseCompressedOops                        = true                           {product lp64_product} {ergonomic}
     bool UseG1GC                                  = true                                      {product} {ergonomic}
     bool UseLargePagesIndividualAllocation        = false                                  {pd product} {ergonomic}

Logging:
Log output configuration:
 #0: stdout all=warning uptime,level,tags
 #1: stderr all=off uptime,level,tags

Environment Variables:
JAVA_HOME=C:\Program Files\Java\jdk-17
PATH=C:\Program Files\Eclipse Adoptium\jdk-21.0.10.7-hotspot\bin;C:\Program Files\Common Files\Oracle\Java\javapath;C:\dev\flutter\bin;C:\WINDOWS;C:\WINDOWS\System32\Wbem;C:\WINDOWS\System32\WindowsPowerShell\v1.0\;C:\WINDOWS\System32\OpenSSH\;C:\Program Files (x86)\NVIDIA Corporation\PhysX\Common;C:\Program Files\dotnet\;C:\Program Files\Bandizip\;C:\Users\2doky\OneDrive\πŸ≈¡ »≠∏È\flutter\flutter\bin;%JA;A_HOME%\bin;C:\Windows\System32;C:\Program Files\NVIDIA Corporation\NVIDIA app\NvDLISR;C:\Program Files\nodejs\;C:\Program Files\Git\cmd;C:\Users\2doky\AppData\Local\Microsoft\WindowsApps;C:\Users\2doky\AppData\Local\Programs\Microsoft VS Code\bin;C:\Users\2doky\AppData\Roaming\npm;C:\Users\2doky\AppData\Local\Python\bin
USERNAME=2doky
OS=Windows_NT
PROCESSOR_IDENTIFIER=AMD64 Family 25 Model 97 Stepping 2, AuthenticAMD



---------------  S Y S T E M  ---------------

OS:
 Windows 11 , 64 bit Build 26100 (10.0.26100.7920)
OS uptime: 0 days 11:00 hours

CPU: total 16 (initial active 16) (16 cores per cpu, 2 threads per core) family 25 model 97 stepping 2 microcode 0xa601206, cx8, cmov, fxsr, ht, mmx, 3dnowpref, sse, sse2, sse3, ssse3, sse4a, sse4.1, sse4.2, popcnt, lzcnt, tsc, tscinvbit, avx, avx2, aes, erms, clmul, bmi1, bmi2, adx, avx512f, avx512dq, avx512cd, avx512bw, avx512vl, sha, fma, vzeroupper, avx512_vpopcntdq, avx512_vpclmulqdq, avx512_vaes, avx512_vnni, clflush, clflushopt, avx512_vbmi2, avx512_vbmi

Memory: 4k page, system-wide physical 31863M (16728M free)
TotalPageFile size 33911M (AvailPageFile size 10865M)
current process WorkingSet (physical memory assigned to process): 480M, peak: 499M
current process commit charge ("private bytes"): 565M, peak: 604M

vm_info: Java HotSpot(TM) 64-Bit Server VM (17.0.16+12-LTS-247) for windows-amd64 JRE (17.0.16+12-LTS-247), built on Jun 27 2025 10:11:42 by "mach5one" with MS VC++ 17.6 (VS2022)

END.
